time ,v(1) ,v(2) ,i(l) ,v(m1#gate) ,v(vdd) ,i(vdd) ,i(vin) ,
0e+0,0e+0,1.8e+0,9.429191475089974e-5,1.1084884336468398e-2,1.8e+0,-9.429191475089974e-5,7.48229692711617e-5,
1e-3,1.8000000000000002e-2,1.8000009868916005e+0,9.429092785929944e-5,2.815199407916759e-2,1.8e+0,-8.441214294031757e-5,6.852596003438123e-5,
1.0921691503613102e-3,1.9659044706503585e-2,1.8000010856479327e+0,9.42908277960519e-5,2.9728824757407506e-2,1.8e+0,-8.356528729053346e-5,6.797101534360145e-5,
1.2765074510839305e-3,2.297713411951075e-2,1.8000012984598237e+0,9.429060805486563e-5,3.288433758464014e-2,1.8e+0,-8.190303192022305e-5,6.68736233896234e-5,
1.6451840525291712e-3,2.9613312945525078e-2,1.8000018135647768e+0,9.429003438953903e-5,3.920265826482931e-2,1.8e+0,-7.870303244971827e-5,6.472808090530362e-5,
2.3825372554196526e-3,4.288567059755374e-2,1.800003178867041e+0,9.428819379674356e-5,5.186758539628786e-2,1.8e+0,-7.279275406456596e-5,6.062792489145525e-5,
3.857243661200615e-3,6.943038590161106e-2,1.8000070691319114e+0,9.428063740189277e-5,7.730369210597203e-2,1.8e+0,-6.291374128495722e-5,5.314481687943652e-5,
6.80665647276254e-3,1.2251981650972572e-1,1.8000178866175265e+0,9.424383499833594e-5,1.2854996061466378e-1,1.8e+0,-5.200768730794719e-5,4.07034727083319e-5,
1.0347234193415286e-2,1.8625021548147513e-1,1.8000299479967274e+0,9.415915391358455e-5,1.9060516324151833e-1,1.8e+0,-6.77846891893853e-5,2.9395897380291372e-5,
1.3351325174955422e-2,2.403238531491976e-1,1.8000259058574934e+0,9.407525888371024e-5,2.4361379149660903e-1,1.8e+0,-1.4680208263172744e-4,2.2207083845027058e-5,
1.6755935766089358e-2,3.0160684378960845e-1,1.7999598313703904e+0,9.409953847621333e-5,3.039890694314237e-1,1.8e+0,-4.29662446706216e-4,1.6080023082252603e-5,
2.0414914317416138e-2,3.6746845771349046e-1,1.7996859723964391e+0,9.474753668627946e-5,3.691405820882899e-1,1.8e+0,-1.2596414817048986e-3,1.1286839529896665e-5,
2.4834394780939177e-2,4.470191060569052e-1,1.7986509514739357e+0,9.84225029183945e-5,4.480945387387103e-1,1.8e+0,-3.634062465939037e-3,7.259170602184634e-6,
3.0182793460354008e-2,5.432902822863721e-1,1.7953546398937914e+0,1.1445274652475439e-4,5.438981109657474e-1,1.8e+0,-8.965106410041649e-3,4.102843585783011e-6,
3.7338064955984e-2,6.720851692077119e-1,1.7855091099309215e+0,1.829152792309918e-4,6.7232520743264e-1,1.8e+0,-1.9043278595659588e-2,1.62025801826466e-6,
4.827495356030821e-2,8.689491640855479e-1,1.755478042043566e+0,5.056237517704638e-4,8.688639983196649e-1,1.8e+0,-3.715241143236961e-2,-5.748689197110704e-7,
6.08405389160995e-2,1.0951297004897909e+0,1.69746817567228e+0,1.429532178362207e-3,1.0945614884573682e+0,1.8e+0,-5.858462181455074e-2,-3.835431218852936e-6,
8.033430128309746e-2,1.446017423095754e+0,1.5630431585466882e+0,4.7384878668745205e-3,1.4425591577667276e+0,1.8e+0,-8.889421368135701e-2,-2.334329097092823e-5,
1e-1,1.8e+0,1.3868803419438434e+0,1.1130592158020449e-2,1.7827693869525796e+0,1.8e+0,-1.1263307612490278e-1,-1.1630663807008813e-4,
1.0278952996864453e-1,1.8e+0,1.3602576486688567e+0,1.235726662554088e-2,1.7827652086949561e+0,1.8e+0,-1.1219260826210936e-1,-1.1633484130904592e-4,
1.0836858990593357e-1,1.8e+0,1.3081324975134785e+0,1.4956020231849798e-2,1.7827553090155126e+0,1.8e+0,-1.1129675620264398e-1,-1.1640166414528946e-4,
1.1952670978051165e-1,1.8e+0,1.2110395291586957e+0,2.0986024276944383e-2,1.7827289101124253e+0,1.8e+0,-1.0948462245746324e-1,-1.1657985674112976e-4,
1.418429495296678e-1,1.8e+0,1.0492016109108488e+0,3.5935214239076474e-2,1.7826418764195886e+0,1.8e+0,-1.05874695409864e-1,-1.171673341677764e-4,
1.8647542902798014e-1,1.8e+0,8.707097992232081e-1,7.342847401034656e-2,1.7823352013872231e+0,1.8e+0,-1.0027280314392616e-1,-1.192373906362433e-4,
2.757403880246048e-1,1.8e+0,1.0244015240035276e+0,1.4952188292333413e-1,1.782630812195531e+0,1.8e+0,-1.052914894842154e-1,-1.1724201768016466e-4,
3.704745927487274e-1,1.8e+0,1.643763313668219e+0,1.936602144419045e-1,1.7827928885207938e+0,1.8e+0,-1.1645116373912301e-1,-1.1614800248464091e-4,
4.537651094876916e-1,1.8e+0,2.2041796950153048e+0,1.8333456378437243e-1,1.7828065664177293e+0,1.8e+0,-1.2349511140406075e-1,-1.1605567668032668e-4,
5.376995900262547e-1,1.8e+0,2.4554289823152065e+0,1.3886571183142726e-1,1.7828198819496677e+0,1.8e+0,-1.2824112193605441e-1,-1.1596579683974262e-4,
6.233808779340825e-1,1.8e+0,2.2996411767962606e+0,8.938176240314226e-2,1.7828093767294764e+0,1.8e+0,-1.2482013805883611e-1,-1.1603670707603479e-4,
7.233808779340825e-1,1.8e+0,1.8196529468133154e+0,6.341705622266347e-2,1.782800290730504e+0,1.8e+0,-1.1878338532746285e-1,-1.1609803756909738e-4,
8.062363703168547e-1,1.8e+0,1.4520264321253027e+0,7.701863958139266e-2,1.7827780847663977e+0,1.8e+0,-1.1367471890923181e-1,-1.1624792782681526e-4,
8.895820834488668e-1,1.8e+0,1.3307549514809476e+0,1.1107447376543929e-1,1.7827598894000334e+0,1.8e+0,-1.1169141280685381e-1,-1.1637074654977445e-4,
9.784058174605219e-1,1.8e+0,1.499344501210403e+0,1.452671944802249e-1,1.7827826940524263e+0,1.8e+0,-1.1438878748542874e-1,-1.1621681514612306e-4,
1.078405817460522e+0,1.8e+0,1.8567190226536778e+0,1.5746401828702092e-1,1.7828024634736241e+0,1.8e+0,-1.1930688575452128e-1,-1.1608337155303607e-4,
1.1591429514903968e+0,1.8e+0,2.084501086209114e+0,1.43689451455549e-1,1.7828044033972523e+0,1.8e+0,-1.220087823892142e-1,-1.1607027706854629e-4,
1.2399410360522702e+0,1.8e+0,2.131829887641543e+0,1.187902703839054e-1,1.7828052160834091e+0,1.8e+0,-1.225923021296333e-1,-1.1606479143698792e-4,
1.3365054657134756e+0,1.8e+0,1.9654252902030165e+0,9.478168906158485e-2,1.782801697337156e+0,1.8e+0,-1.2047209394408526e-1,-1.1608854297419542e-4,
1.423222259861826e+0,1.8e+0,1.7322673191057745e+0,9.054589411596205e-2,1.78279721891405e+0,1.8e+0,-1.176531458811443e-1,-1.1611877233016175e-4,
1.4996632353329613e+0,1.8e+0,1.5848575722562805e+0,1.0135751873635597e-1,1.7827899232084519e+0,1.8e+0,-1.1564727178297997e-1,-1.1616801834295025e-4,
1.5783077636964222e+0,1.8e+0,1.5614712198152336e+0,1.1919689782616459e-1,1.7827912928367744e+0,1.8e+0,-1.1539121338259155e-1,-1.1615877335177313e-4,
1.6783077636964223e+0,1.8e+0,1.6937370272132568e+0,1.3643648547474002e-1,1.7827986948262908e+0,1.8e+0,-1.1723692596842356e-1,-1.161088099225372e-4,
1.7651465025696118e+0,1.8e+0,1.861817637374652e+0,1.3836627391273099e-1,1.7828007784357578e+0,1.8e+0,-1.1929931230661306e-1,-1.1609474555863454e-4,
1.8425178653628158e+0,1.8e+0,1.9623390975090058e+0,1.2969461788411923e-1,1.7828026548188216e+0,1.8e+0,-1.2053586076926442e-1,-1.160820799729536e-4,
1.9231886540923435e+0,1.8e+0,1.9686986026395232e+0,1.163420816990238e-1,1.7828027788601468e+0,1.8e+0,-1.206138055702338e-1,-1.1608124269400777e-4,
2.0231886540923436e+0,1.8e+0,1.8629400902406892e+0,1.0476014705501313e-1,1.7828010084646937e+0,1.8e+0,-1.1932373873476787e-1,-1.1609319286331674e-4,
2.109060145865412e+0,1.8e+0,1.7431273736776554e+0,1.044996359660394e-1,1.7827972743393041e+0,1.8e+0,-1.177804902148587e-1,-1.1611839820969624e-4,
2.196262907565602e+0,1.8e+0,1.674012384233723e+0,1.1247259502368596e-1,1.7827946672910198e+0,1.8e+0,-1.1687190296207202e-1,-1.1613599578561701e-4,
2.275346545430029e+0,1.8e+0,1.6856448910544932e+0,1.2197618352591412e-1,1.7827954918908004e+0,1.8e+0,-1.1703847892899506e-1,-1.1613042973709735e-4,
2.375346545430029e+0,1.8e+0,1.7720592000152453e+0,1.2909097897242716e-1,1.7827985835983169e+0,1.8e+0,-1.1816878086649846e-1,-1.1610956071136068e-4,
2.4595710405873987e+0,1.8e+0,1.8540063805232914e+0,1.2799329879150617e-1,1.782800465569126e+0,1.8e+0,-1.1919561361792058e-1,-1.1609685740839905e-4,
2.5447678400183267e+0,1.8e+0,1.893736557631664e+0,1.2169968605684428e-1,1.7828013971255192e+0,1.8e+0,-1.1969325883408388e-1,-1.1609056940274469e-4,
2.628154182194869e+0,1.8e+0,1.875048602999165e+0,1.1466249747750176e-1,1.7828010461054196e+0,1.8e+0,-1.1946333101406595e-1,-1.1609293878841846e-4,
2.728154182194869e+0,1.8e+0,1.8067892441376092e+0,1.1057060512066302e-1,1.7827993358838055e+0,1.8e+0,-1.1860326488504225e-1,-1.1610448278431308e-4,
2.810831973103677e+0,1.8e+0,1.752043790175175e+0,1.1227240201138186e-1,1.7827975338878803e+0,1.8e+0,-1.1789449770978774e-1,-1.1611664625680793e-4,
2.8940861857542513e+0,1.8e+0,1.7313953300146383e+0,1.1712449414860952e-1,1.7827968836355834e+0,1.8e+0,-1.176283472727077e-1,-1.1612103545981245e-4,
2.9819583225211286e+0,1.8e+0,1.7530888288736295e+0,1.2219980604306502e-1,1.7827977107941455e+0,1.8e+0,-1.1791359651431421e-1,-1.1611545213951677e-4,
3.0819583225211287e+0,1.8e+0,1.8051484250877337e+0,1.2428794334499682e-1,1.7827992373055146e+0,1.8e+0,-1.1857986109131319e-1,-1.1610514818777631e-4,
3.1630353959189903e+0,1.8e+0,1.8403149470847395e+0,1.2244492476372586e-1,1.7828001311308967e+0,1.8e+0,-1.190235357557463e-1,-1.1609911486644593e-4,
3.244268355408427e+0,1.8e+0,1.8492368893847204e+0,1.1880764441166174e-1,1.782800375158392e+0,1.8e+0,-1.1913688394460507e-1,-1.1609746768085315e-4,
3.338128299270602e+0,1.8e+0,1.827067390874459e+0,1.1522668668087661e-1,1.782799836190219e+0,1.8e+0,-1.1885835741797814e-1,-1.161011057160214e-4,
3.424568455713371e+0,1.8e+0,1.7929529541780103e+0,1.1436140580168976e-1,1.7827988520047062e+0,1.8e+0,-1.1842272341295525e-1,-1.161077489682319e-4,
3.501748911978304e+0,1.8e+0,1.7697527973494065e+0,1.1580059935827561e-1,1.7827981291440398e+0,1.8e+0,-1.1812414951732023e-1,-1.1611262827773174e-4,
3.578803282056058e+0,1.8e+0,1.7644190624731348e+0,1.1833677229565767e-1,1.7827979730853134e+0,1.8e+0,-1.1805591168315335e-1,-1.1611368167413483e-4,
3.678803282056058e+0,1.8e+0,1.782120684396676e+0,1.2100978495216715e-1,1.7827985544815728e+0,1.8e+0,-1.1828492371126516e-1,-1.1610975724938438e-4,
3.766263853835074e+0,1.8e+0,1.80709518803234e+0,1.2148137793391522e-1,1.7827992544912203e+0,1.8e+0,-1.1860304903884905e-1,-1.1610503218426223e-4,
3.842899289733154e+0,1.8e+0,1.8228444456094621e+0,1.2033415949653109e-1,1.7827996815055132e+0,1.8e+0,-1.1880291576595775e-1,-1.1610214983778615e-4,
3.921633469578015e+0,1.8e+0,1.8253967860623264e+0,1.1843504259133904e-1,1.7827997555744841e+0,1.8e+0,-1.1883553031052636e-1,-1.1610164987223108e-4,
4.021633469578015e+0,1.8e+0,1.811282068728765e+0,1.1660109985178452e-1,1.7827993809007783e+0,1.8e+0,-1.186567670513986e-1,-1.1610417891974589e-4,
4.108356140952958e+0,1.8e+0,1.7933712624778244e+0,1.1639932519527058e-1,1.7827988563319142e+0,1.8e+0,-1.1842771844113387e-1,-1.1610771975957904e-4,
4.18539739643053e+0,1.8e+0,1.7827354374286466e+0,1.1731971011362449e-1,1.7827985361726038e+0,1.8e+0,-1.1829132248706112e-1,-1.1610988083492375e-4,
4.26578680225578e+0,1.8e+0,1.7820612023185816e+0,1.1873469872051075e-1,1.7827985204456267e+0,1.8e+0,-1.1828286222935709e-1,-1.1610998699201902e-4,
4.36578680225578e+0,1.8e+0,1.7932634114498143e+0,1.1996846803209094e-1,1.782798859732283e+0,1.8e+0,-1.1842661655931408e-1,-1.1610769680708843e-4,
4.451649942044018e+0,1.8e+0,1.8059788248133393e+0,1.200010000189226e-1,1.7827992188706465e+0,1.8e+0,-1.1858864287366554e-1,-1.161052726231359e-4,
4.538838596841986e+0,1.8e+0,1.8133639268733457e+0,1.1915776576909604e-1,1.7827994253690234e+0,1.8e+0,-1.1868264424435881e-1,-1.1610387875909262e-4,
4.618047367207418e+0,1.8e+0,1.8121706809269833e+0,1.1814648332628222e-1,1.782799394068285e+0,1.8e+0,-1.1866755014286254e-1,-1.1610409003907571e-4,
4.718047367207418e+0,1.8e+0,1.802994593845356e+0,1.1738821958766521e-1,1.782799136779271e+0,1.8e+0,-1.1855071743968704e-1,-1.1610582673991961e-4,
4.802217490710152e+0,1.8e+0,1.7942770611655514e+0,1.175030421550102e-1,1.7827988813773294e+0,1.8e+0,-1.1843923559143896e-1,-1.1610755070302556e-4,
4.887368288842511e+0,1.8e+0,1.7900451339925043e+0,1.1817053095263767e-1,1.7827987570602635e+0,1.8e+0,-1.1838509971178078e-1,-1.1610838984322039e-4,
4.970545713635684e+0,1.8e+0,1.7920065754391596e+0,1.1891697724709459e-1,1.7827988163163895e+0,1.8e+0,-1.1841026307584716e-1,-1.1610798986437e-4,
5.070545713635684e+0,1.8e+0,1.7992381176365357e+0,1.1935474259330985e-1,1.782799027261752e+0,1.8e+0,-1.185027013943251e-1,-1.1610656598317302e-4,
5.153317192124056e+0,1.8e+0,1.805067429449219e+0,1.1917655434431526e-1,1.7827991926366344e+0,1.8e+0,-1.1857700855430556e-1,-1.161054497027178e-4,
5.236675144441873e+0,1.8e+0,1.8072862910015592e+0,1.1866166392417349e-1,1.7827992558515064e+0,1.8e+0,-1.1860530301387007e-1,-1.1610502300233097e-4,
5.324495107930557e+0,1.8e+0,1.8050005100940252e+0,1.1812215071237e-1,1.7827991918236452e+0,1.8e+0,-1.1857620427167018e-1,-1.1610545519039409e-4,
5.424495107930556e+0,1.8e+0,1.7994712548841543e+0,1.17898562463461e-1,1.7827990331756847e+0,1.8e+0,-1.1850564229635327e-1,-1.1610652606412752e-4,
5.505542710337203e+0,1.8e+0,1.7957278701363442e+0,1.1809311216673232e-1,1.7827989239246302e+0,1.8e+0,-1.1845779074103471e-1,-1.1610726350874505e-4,
5.586749221040527e+0,1.8e+0,1.794768786567883e+0,1.1847897884126511e-1,1.7827988962263934e+0,1.8e+0,-1.1844554224038216e-1,-1.1610745047184456e-4,
5.680464817147304e+0,1.8e+0,1.7971066134332105e+0,1.1885967970727848e-1,1.78279896477882e+0,1.8e+0,-1.1847544281930392e-1,-1.1610698774296505e-4,
5.766884818142631e+0,1.8e+0,1.8007259001843872e+0,1.1895333679494076e-1,1.7827990689824995e+0,1.8e+0,-1.185216445871254e-1,-1.161062843681275e-4,
5.844166935082713e+0,1.8e+0,1.803201833445999e+0,1.1880156501007426e-1,1.7827991397091199e+0,1.8e+0,-1.1855322795613547e-1,-1.1610580696344054e-4,
5.921331132659077e+0,1.8e+0,1.8037807786299733e+0,1.1853216118115956e-1,1.7827991563613172e+0,1.8e+0,-1.1856061672539964e-1,-1.1610569456110831e-4,
6.021331132659077e+0,1.8e+0,1.801908714468126e+0,1.1824768652625461e-1,1.7827991031166712e+0,1.8e+0,-1.1853674888340299e-1,-1.1610605396246941e-4,
6.1088511426960075e+0,1.8e+0,1.7992537262694597e+0,1.181968181137442e-1,1.7827990265022953e+0,1.8e+0,-1.1850284704716062e-1,-1.1610657110950641e-4,
6.185485994379697e+0,1.8e+0,1.7975772543591646e+0,1.1831824677849827e-1,1.782798977858825e+0,1.8e+0,-1.1848143009917998e-1,-1.1610689945293177e-4,
6.264110600874021e+0,1.8e+0,1.7973009886797455e+0,1.1851959484131093e-1,1.7827989699394131e+0,1.8e+0,-1.1847790370062912e-1,-1.1610695290896131e-4,
6.364110600874021e+0,1.8e+0,1.7987940112811844e+0,1.1871484484326447e-1,1.7827990133085097e+0,1.8e+0,-1.1849698146404922e-1,-1.1610666016755901e-4,
6.450860862789897e+0,1.8e+0,1.800696581764708e+0,1.187369404366098e-1,1.7827990680467685e+0,1.8e+0,-1.185212662451831e-1,-1.1610629068431293e-4,
6.52785304840781e+0,1.8e+0,1.8018297867780997e+0,1.1863968511871628e-1,1.7827991005198078e+0,1.8e+0,-1.1853572678603427e-1,-1.1610607149129676e-4,
6.608208495170664e+0,1.8e+0,1.801907667325045e+0,1.1848952272160936e-1,1.7827991028223913e+0,1.8e+0,-1.1853672250132725e-1,-1.161060559488579e-4,
6.7082084951706635e+0,1.8e+0,1.8007223033562765e+0,1.1835802418754324e-1,1.7827990688250452e+0,1.8e+0,-1.1852159749476573e-1,-1.16106285430944e-4,
6.794109230339646e+0,1.8e+0,1.7993702888782859e+0,1.1835404731703326e-1,1.7827990298213279e+0,1.8e+0,-1.1850433339758633e-1,-1.161065487060367e-4,
6.8813451892464785e+0,1.8e+0,1.7985820499464267e+0,1.184433621601045e-1,1.782799007009825e+0,1.8e+0,-1.1849426691551564e-1,-1.1610670268368158e-4,
6.960434314363448e+0,1.8e+0,1.798704808361721e+0,1.1855065216146798e-1,1.7827990106102323e+0,1.8e+0,-1.1849583576487788e-1,-1.1610667838093253e-4,
7.060434314363448e+0,1.8e+0,1.7996765257800762e+0,1.186315854543781e-1,1.7827990386634074e+0,1.8e+0,-1.1850824502587923e-1,-1.1610648902199948e-4,
7.14464596518503e+0,1.8e+0,1.8006038443749213e+0,1.186197802375814e-1,1.7827990653621146e+0,1.8e+0,-1.1852008173916705e-1,-1.1610630880572528e-4,
7.229847882561822e+0,1.8e+0,1.8010565959118154e+0,1.1854904388952159e-1,1.7827990783534269e+0,1.8e+0,-1.1852586067328175e-1,-1.1610622111436764e-4,
7.312926901067816e+0,1.8e+0,1.8008515487617827e+0,1.1846978049619661e-1,1.7827990725016474e+0,1.8e+0,-1.185232442234414e-1,-1.1610626061388067e-4,
7.412926901067816e+0,1.8e+0,1.8000849060815722e+0,1.1842295775402889e-1,1.7827990504145381e+0,1.8e+0,-1.1851345801439261e-1,-1.1610640970186742e-4,
7.495731748330945e+0,1.8e+0,1.7994642733686295e+0,1.1844162281741348e-1,1.7827990325294374e+0,1.8e+0,-1.1850553327030088e-1,-1.1610653042629787e-4,
7.5791339237917255e+0,1.8e+0,1.7992262436942945e+0,1.1849622968025392e-1,1.78279902563571e+0,1.8e+0,-1.1850249402450075e-1,-1.1610657695895754e-4,
7.6668113763487e+0,1.8e+0,1.7994664304561345e+0,1.1855354118033001e-1,1.7827990326044632e+0,1.8e+0,-1.1850556137642271e-1,-1.1610652991987311e-4,
7.7668113763486994e+0,1.8e+0,1.800052966865206e+0,1.1857757131426298e-1,1.7827990494856594e+0,1.8e+0,-1.1851304986314258e-1,-1.1610641597179817e-4,
7.847920198156775e+0,1.8e+0,1.8004520852366792e+0,1.1855708922379518e-1,1.78279906099727e+0,1.8e+0,-1.1851814462705865e-1,-1.161063382684284e-4,
7.929197643964446e+0,1.8e+0,1.800555819257484e+0,1.1851612927234334e-1,1.7827990639583602e+0,1.8e+0,-1.1851946891845216e-1,-1.1610631828106767e-4,
8.022733534082093e+0,1.8e+0,1.8003095381055103e+0,1.1847565828673454e-1,1.7827990569021264e+0,1.8e+0,-1.1851632531359499e-1,-1.1610636591064677e-4,
8.109162229747334e+0,1.8e+0,1.799925263628538e+0,1.1846551148292762e-1,1.7827990458018736e+0,1.8e+0,-1.185114193303692e-1,-1.1610644083735223e-4,
8.186499372582997e+0,1.8e+0,1.7996611094299086e+0,1.1848150584585738e-1,1.782799038210504e+0,1.8e+0,-1.185080466437335e-1,-1.1610649207909919e-4,
8.263723384253597e+0,1.8e+0,1.7995982647735933e+0,1.1851010289343353e-1,1.782799036372381e+0,1.8e+0,-1.185072442902306e-1,-1.1610650448642783e-4,
8.363675809163865e+0,1.8e+0,1.7997958395999265e+0,1.1854038326198812e-1,1.782799042100296e+0,1.8e+0,-1.1850976704796096e-1,-1.1610646582300294e-4,
8.451242048680587e+0,1.8e+0,1.8000779000143001e+0,1.1854591133557917e-1,1.7827990501993871e+0,1.8e+0,-1.1851336797068439e-1,-1.1610641115413628e-4,
8.52794106484874e+0,1.8e+0,1.8002567082047614e+0,1.1853307927497728e-1,1.7827990553747726e+0,1.8e+0,-1.1851565061659528e-1,-1.1610637622028533e-4,
8.606445629129798e+0,1.8e+0,1.80028691953353e+0,1.1851174064561447e-1,1.782799056218697e+0,1.8e+0,-1.1851603632030226e-1,-1.1610637052379517e-4,
8.706445629129798e+0,1.8e+0,1.8001291954585523e+0,1.184909348960104e-1,1.7827990517048775e+0,1.8e+0,-1.1851402288639737e-1,-1.1610640099207585e-4,
8.793238578372902e+0,1.8e+0,1.799926991283883e+0,1.1848849658946826e-1,1.7827990458506353e+0,1.8e+0,-1.1851144134018972e-1,-1.16106440508211e-4,
8.870121101526305e+0,1.8e+0,1.7998061985577722e+0,1.1849875310855652e-1,1.7827990423950488e+0,1.8e+0,-1.1850989913421019e-1,-1.1610646383342083e-4,
8.950399604902387e+0,1.8e+0,1.7997970396102219e+0,1.1851467883159163e-1,1.7827990421048252e+0,1.8e+0,-1.1850978221755644e-1,-1.1610646579243017e-4,
9.050399604902386e+0,1.8e+0,1.799922232210684e+0,1.1852871524054635e-1,1.7827990457409553e+0,1.8e+0,-1.1851138061628012e-1,-1.1610644124855109e-4,
9.136360960112315e+0,1.8e+0,1.8000660264883614e+0,1.1852921988961734e-1,1.7827990498567765e+0,1.8e+0,-1.185132163636749e-1,-1.161064134667586e-4,
9.223669890461467e+0,1.8e+0,1.800150366443703e+0,1.185197733719005e-1,1.782799052312817e+0,1.8e+0,-1.1851429307650108e-1,-1.1610639688848512e-4,
9.30262170247392e+0,1.8e+0,1.800137949041613e+0,1.1850839185690203e-1,1.782799051928721e+0,1.8e+0,-1.185141345622615e-1,-1.1610639948113344e-4,
9.402621702473919e+0,1.8e+0,1.8000351530140577e+0,1.1849973675411848e-1,1.782799048994319e+0,1.8e+0,-1.1851282223371337e-1,-1.161064192883466e-4,
9.486885286401398e+0,1.8e+0,1.7999364393297415e+0,1.1850093361957971e-1,1.782799046122741e+0,1.8e+0,-1.1851156195445146e-1,-1.1610643867149793e-4,
9.572153103710054e+0,1.8e+0,1.7998878796172362e+0,1.1850842358954658e-1,1.7827990447499062e+0,1.8e+0,-1.185109419926215e-1,-1.1610644793813227e-4,
9.655072985846994e+0,1.8e+0,1.7999091700563743e+0,1.1851683789811855e-1,1.7827990453370346e+0,1.8e+0,-1.1851121381514289e-1,-1.1610644397501597e-4,
9.755072985846994e+0,1.8e+0,1.799990366688775e+0,1.185218610608611e-1,1.7827990477036868e+0,1.8e+0,-1.185122504499051e-1,-1.1610642800011402e-4,
9.837939437155104e+0,1.8e+0,1.8000565163831812e+0,1.1851991854396138e-1,1.782799049582731e+0,1.8e+0,-1.1851309495018653e-1,-1.1610641531656536e-4,
9.921418724470849e+0,1.8e+0,1.8000821633863844e+0,1.1851413009979715e-1,1.7827990503483084e+0,1.8e+0,-1.1851342237691175e-1,-1.161064101489178e-4,
1.0008904953940341e+1,1.8e+0,1.8000570344092246e+0,1.1850804115465302e-1,1.7827990495977812e+0,1.8e+0,-1.1851310156987205e-1,-1.1610641521497649e-4,
1.010890495394034e+1,1.8e+0,1.799994838539274e+0,1.1850544750722812e-1,1.78279904783242e+0,1.8e+0,-1.1851230753651425e-1,-1.1610642713116501e-4,
1.019009247230113e+1,1.8e+0,1.7999522243595403e+0,1.1850759642316537e-1,1.7827990465776704e+0,1.8e+0,-1.1851176348192798e-1,-1.1610643560072513e-4,
1.0271461861362301e+1,1.8e+0,1.799940935118349e+0,1.1851194319717093e-1,1.7827990462790537e+0,1.8e+0,-1.1851161935644824e-1,-1.1610643761638707e-4,
1.0364747223387507e+1,1.8e+0,1.7999667939102448e+0,1.1851624696265695e-1,1.7827990469976291e+0,1.8e+0,-1.1851194949389615e-1,-1.1610643276600309e-4,
1.0451192020365617e+1,1.8e+0,1.8000075859859197e+0,1.185173543249943e-1,1.7827990481996976e+0,1.8e+0,-1.1851247027798437e-1,-1.1610642465204046e-4,
1.052862034681112e+1,1.8e+0,1.8000358206713742e+0,1.1851567387257889e-1,1.782799048986498e+0,1.8e+0,-1.185128307377567e-1,-1.161064193411377e-4,
1.0605942986277576e+1,1.8e+0,1.8000426941856216e+0,1.1851263838458874e-1,1.782799049211225e+0,1.8e+0,-1.1851291849199595e-1,-1.1610641782423131e-4,
1.0705546227726405e+1,1.8e+0,1.800021965201656e+0,1.185094182423073e-1,1.7827990485873395e+0,1.8e+0,-1.185126538521457e-1,-1.1610642203545816e-4,
1.0793106250551812e+1,1.8e+0,1.7999920162135075e+0,1.1850880613579193e-1,1.782799047751048e+0,1.8e+0,-1.1851227150219504e-1,-1.161064276804253e-4,
1.0869914047887985e+1,1.8e+0,1.7999728663838406e+0,1.1851015478096488e-1,1.7827990471725386e+0,1.8e+0,-1.1851202701713615e-1,-1.1610643158536417e-4,
1.0948153514705012e+1,1.8e+0,1.799969468456548e+0,1.1851241062663585e-1,1.7827990471013164e+0,1.8e+0,-1.1851198363880115e-1,-1.1610643206611329e-4,
1.1048153514705012e+1,1.8e+0,1.7999860311821578e+0,1.1851463564470056e-1,1.7827990475519264e+0,1.8e+0,-1.1851219509102624e-1,-1.1610642902449599e-4,
1.11350460819917e+1,1.8e+0,1.8000075380944849e+0,1.1851491503573157e-1,1.7827990481983025e+0,1.8e+0,-1.1851246966602745e-1,-1.1610642466145828e-4,
1.1211708104848412e+1,1.8e+0,1.8000204645323712e+0,1.1851384166672153e-1,1.782799048544064e+0,1.8e+0,-1.185126346916597e-1,-1.1610642232756825e-4,
1.1291833455728149e+1,1.8e+0,1.8000216325368177e+0,1.1851215514550166e-1,1.7827990486044039e+0,1.8e+0,-1.185126496055766e-1,-1.1610642192027426e-4,
1.1391833455728149e+1,1.8e+0,1.8000084900865159e+0,1.1851064901433499e-1,1.7827990481990525e+0,1.8e+0,-1.1851248181808703e-1,-1.1610642465639462e-4,
1.1477935576095781e+1,1.8e+0,1.799993171658387e+0,1.1851057747445516e-1,1.7827990477843376e+0,1.8e+0,-1.1851228625322947e-1,-1.1610642745572136e-4,
1.1556602182794103e+1,1.8e+0,1.7999844979306177e+0,1.185114558032847e-1,1.7827990475077193e+0,1.8e+0,-1.1851217551532744e-1,-1.1610642932289444e-4,
1.1638069008195078e+1,1.8e+0,1.799984930033738e+0,1.1851270110662968e-1,1.7827990475468585e+0,1.8e+0,-1.1851218103418762e-1,-1.1610642905870473e-4,
1.1738069008195078e+1,1.8e+0,1.7999953731776934e+0,1.1851368594605811e-1,1.782799047821099e+0,1.8e+0,-1.1851231435759481e-1,-1.1610642720758131e-4,
1.1823116055054346e+1,1.8e+0,1.8000061209346394e+0,1.185136224111373e-1,1.7827990481574651e+0,1.8e+0,-1.185124515734339e-1,-1.161064249371093e-4,
1.1909296956038549e+1,1.8e+0,1.8000117993401652e+0,1.18512850218423e-1,1.7827990482943954e+0,1.8e+0,-1.1851252406591944e-1,-1.1610642401283129e-4,
1.199060646571113e+1,1.8e+0,1.8000100440361206e+0,1.185119621813153e-1,1.7827990482705036e+0,1.8e+0,-1.185125016586662e-1,-1.1610642417409986e-4,
1.209060646571113e+1,1.8e+0,1.8000016697123637e+0,1.1851137649389107e-1,1.782799048002524e+0,1.8e+0,-1.1851239474380668e-1,-1.1610642598296195e-4,
1.2174059115492692e+1,1.8e+0,1.7999944060647288e+0,1.1851154023729105e-1,1.7827990478199076e+0,1.8e+0,-1.1851230201258833e-1,-1.1610642721562349e-4,
1.225827553377255e+1,1.8e+0,1.7999912952906794e+0,1.1851214232760797e-1,1.7827990477035884e+0,1.8e+0,-1.185122622959046e-1,-1.1610642800077842e-4,
1.2343928212640387e+1,1.8e+0,1.799993567942235e+0,1.1851279057993314e-1,1.7827990477957603e+0,1.8e+0,-1.1851229131252944e-1,-1.1610642737861811e-4,
1.2443928212640387e+1,1.8e+0,1.8000000584099785e+0,1.1851310926232246e-1,1.7827990479560967e+0,1.8e+0,-1.1851237417265532e-1,-1.1610642629634668e-4,
1.2525845641520434e+1,1.8e+0,1.8000048143343295e+0,1.185129096809798e-1,1.7827990481198157e+0,1.8e+0,-1.1851243489241683e-1,-1.1610642519124283e-4,
1.2608102094374228e+1,1.8e+0,1.8000063036744627e+0,1.1851245241699676e-1,1.782799048136046e+0,1.8e+0,-1.1851245390430531e-1,-1.161064250816881e-4,
1.2699024081925186e+1,1.8e+0,1.800003867167345e+0,1.1851199004042069e-1,1.7827990480925244e+0,1.8e+0,-1.1851242280022768e-1,-1.1610642537546005e-4,
1.278857590528984e+1,1.8e+0,1.7999994351477466e+0,1.1851184217625184e-1,1.7827990479381355e+0,1.8e+0,-1.1851236621559615e-1,-1.1610642641758477e-4,
1.2867208612518542e+1,1.8e+0,1.7999962990125171e+0,1.1851200989351537e-1,1.7827990478744529e+0,1.8e+0,-1.1851232617942745e-1,-1.1610642684744231e-4,
1.2945832647578166e+1,1.8e+0,1.7999954535075213e+0,1.1851233411859222e-1,1.7827990478234066e+0,1.8e+0,-1.185123153829323e-1,-1.1610642719200523e-4,
1.3042569037046734e+1,1.8e+0,1.7999974982944549e+0,1.1851267502720675e-1,1.782799047909011e+0,1.8e+0,-1.1851234149040163e-1,-1.1610642661417578e-4,
1.3129896649782578e+1,1.8e+0,1.8000006648800615e+0,1.1851275522999899e-1,1.7827990479735705e+0,1.8e+0,-1.1851238191527858e-1,-1.1610642617839936e-4,
1.3207345094805968e+1,1.8e+0,1.800002797434415e+0,1.1851262115456283e-1,1.782799048061701e+0,1.8e+0,-1.1851240914318949e-1,-1.1610642558351758e-4,
1.3284658454260605e+1,1.8e+0,1.8000032716360908e+0,1.185123865444481e-1,1.782799048048681e+0,1.8e+0,-1.1851241519506836e-1,-1.1610642567140214e-4,
1.3384658454260604e+1,1.8e+0,1.8000016222425104e+0,1.1851214185051806e-1,1.7827990480278386e+0,1.8e+0,-1.1851239413982789e-1,-1.1610642581208822e-4,
1.3472208470475696e+1,1.8e+0,1.7999993202468543e+0,1.185121005930385e-1,1.7827990479348248e+0,1.8e+0,-1.185123647486762e-1,-1.1610642643993148e-4,
1.3548855283210665e+1,1.8e+0,1.7999978836685633e+0,1.185122077485242e-1,1.7827990479201146e+0,1.8e+0,-1.1851234641036093e-1,-1.1610642653922705e-4,
1.3627834600435381e+1,1.8e+0,1.7999976686091774e+0,1.1851238338755782e-1,1.7827990478872346e+0,1.8e+0,-1.185123436626157e-1,-1.1610642676116584e-4,
1.3727834600435381e+1,1.8e+0,1.7999989855388638e+0,1.185125506801558e-1,1.7827990479518647e+0,1.8e+0,-1.185123604776802e-1,-1.1610642632491237e-4,
1.3814656819455603e+1,1.8e+0,1.8000006338310295e+0,1.1851256720373106e-1,1.7827990479726756e+0,1.8e+0,-1.1851238151887995e-1,-1.1610642618443967e-4,
1.389203129378541e+1,1.8e+0,1.8000016016729647e+0,1.1851248071825783e-1,1.7827990480272464e+0,1.8e+0,-1.1851239387721003e-1,-1.1610642581608675e-4,
1.3972714592065937e+1,1.8e+0,1.8000016416178701e+0,1.1851234987855691e-1,1.7827990480017135e+0,1.8e+0,-1.185123943850423e-1,-1.1610642598843327e-4,
1.4072714592065937e+1,1.8e+0,1.8000005930690506e+0,1.185122381442109e-1,1.7827990479981837e+0,1.8e+0,-1.1851238100062021e-1,-1.1610642601225969e-4,
1.4158686172284371e+1,1.8e+0,1.7999994249267037e+0,1.1851223737064918e-1,1.7827990479378413e+0,1.8e+0,-1.1851236608509673e-1,-1.1610642641957103e-4,
1.4245917125706894e+1,1.8e+0,1.7999987627936118e+0,1.1851231641409156e-1,1.7827990479454459e+0,1.8e+0,-1.1851235763394032e-1,-1.1610642636824056e-4,
1.4325568095609237e+1,1.8e+0,1.7999988930226543e+0,1.1851240977234559e-1,1.7827990479225149e+0,1.8e+0,-1.1851235929440782e-1,-1.1610642652302473e-4,
1.4425568095609236e+1,1.8e+0,1.7999997501323128e+0,1.1851247761459724e-1,1.7827990479738958e+0,1.8e+0,-1.1851237023905367e-1,-1.161064261762032e-4,
1.4509922816571331e+1,1.8e+0,1.8000005474756602e+0,1.1851246506227847e-1,1.7827990479701867e+0,1.8e+0,-1.1851238041640183e-1,-1.1610642620123873e-4,
1.4595177255163017e+1,1.8e+0,1.8000009197111158e+0,1.1851240252018601e-1,1.7827990480075961e+0,1.8e+0,-1.1851238517077532e-1,-1.1610642594872544e-4,
1.4679005647759153e+1,1.8e+0,1.8000007192545793e+0,1.1851233382425612e-1,1.7827990479751363e+0,1.8e+0,-1.1851238260946144e-1,-1.161064261678297e-4,
1.4779005647759153e+1,1.8e+0,1.8000000451141478e+0,1.1851229560581977e-1,1.7827990479823947e+0,1.8e+0,-1.1851237400501352e-1,-1.161064261188359e-4,
1.4862002393763513e+1,1.8e+0,1.7999995162067564e+0,1.1851231381028854e-1,1.7827990479404714e+0,1.8e+0,-1.1851236725044673e-1,-1.1610642640181787e-4,
1.4945485734360679e+1,1.8e+0,1.7999993293531722e+0,1.185123619985454e-1,1.7827990479617712e+0,1.8e+0,-1.1851236486706848e-1,-1.1610642625804399e-4,
1.5034256506238977e+1,1.8e+0,1.799999559175407e+0,1.1851241133163341e-1,1.7827990479417097e+0,1.8e+0,-1.1851236779901712e-1,-1.1610642639345824e-4,
1.51e+1,1.8e+0,1.7999999061548466e+0,1.18512428907162e-1,1.782799047978391e+0,1.8e+0,-1.1851237223095394e-1,-1.1610642614585942e-4,
1.5100935293197988e+1,1.7831647224362037e+0,1.8001076226374466e+0,1.1851232824844124e-1,1.767156554770111e+0,1.8e+0,-1.1735956522661303e-1,-1.0805513174612542e-4,
1.5102805879593964e+1,1.749494167308643e+0,1.8005422855279636e+0,1.1851172039375482e-1,1.735649071859667e+0,1.8e+0,-1.1501064068327307e-1,-9.345439428058884e-5,
1.5106547052385917e+1,1.6821530570534897e+0,1.8027540590001052e+0,1.1850555429652418e-1,1.671853751067869e+0,1.8e+0,-1.1014971270070725e-1,-6.952031540293988e-5,
1.5111091920461925e+1,1.6003454316853365e+0,1.8079274186456504e+0,1.1848128134314577e-1,1.593223002790635e+0,1.8e+0,-1.0396458841431637e-1,-4.8076395039235026e-5,
1.5120181656613942e+1,1.43673018094903e+0,1.8269014060257163e+0,1.183229889297719e-1,1.4334254525039896e+0,1.8e+0,-9.074323489145099e-2,-2.2306917004022778e-5,
1.5138361128917976e+1,1.1094996794764171e+0,1.9013919154291667e+0,1.1715683648768102e-1,1.1089133972520848e+0,1.8e+0,-6.1503523492753315e-2,-3.957405014243243e-6,
1.5174720073526046e+1,4.5503867653115937e-1,2.17519104335371e+0,1.0849280978791276e-1,4.6250461985743874e-1,1.8e+0,-8.771340775763248e-3,5.039511745238588e-5,
1.52e+1,0e+0,2.4074539258820438e+0,9.607221350177296e-2,1.2919562370537396e-1,1.8e+0,-2.214417901280505e-3,8.720704600112744e-4,
1.5207156854969945e+1,0e+0,2.466055953194921e+0,9.130534764288788e-2,1.5317295710706236e-1,1.8e+0,-2.762414416113454e-3,1.033917460472671e-3,
1.5221470564909836e+1,0e+0,2.5738538561325766e+0,8.10001219677286e-2,2.0318055811871072e-1,1.8e+0,-4.522066074601316e-3,1.3714687673012976e-3,
1.5250097984789619e+1,0e+0,2.7181708389924726e+0,5.678097127057497e-2,2.808920600932403e-1,1.8e+0,-1.5514477172964565e-2,1.8960214056293722e-3,
1.5307352824549186e+1,0e+0,2.7378069399674447e+0,3.6491161047416524e-3,2.923558631091958e-1,1.8e+0,-1.94966390039754e-2,1.973402075987072e-3,
1.5372262689669702e+1,0e+0,2.46793877320132e+0,-4.846525272507331e-2,1.539498509215267e-1,1.8e+0,-2.781431868503534e-3,1.0391614937203053e-3,
1.544974415072047e+1,0e+0,1.9301241803584348e+0,-7.938279455122392e-2,2.0538226404989285e-2,1.8e+0,-2.139624068755036e-4,1.386330282336777e-4,
1.5541183069305681e+1,0e+0,1.2979893760139636e+0,-6.2380347430319824e-2,8.05359455131419e-4,1.8e+0,-5.600899252347635e-6,5.436176322137079e-6,
1.5630959315925054e+1,0e+0,1.047114795810183e+0,-6.050428754351656e-3,1.9180008582009083e-4,1.8e+0,-1.4359118046588376e-6,1.2946505792856132e-6,
1.5720831104458007e+1,0e+0,1.3015982772562102e+0,5.017726829136151e-2,8.216096428666645e-4,1.8e+0,-5.710974909443889e-6,5.545865089349986e-6,
1.5804544421067732e+1,0e+0,1.824112383919677e+0,7.002943508416158e-2,1.2454686517155186e-2,1.8e+0,-1.0971893832893709e-4,8.406913399079751e-5,
1.5884266625827761e+1,0e+0,2.2770539676904646e+0,5.005239183321118e-2,8.465491846080453e-2,1.8e+0,-1.3304752130506164e-3,5.714206996104307e-4,
1.596442775454301e+1,0e+0,2.438948727344317e+0,5.322373991587455e-3,1.418019096972981e-1,1.8e+0,-2.491928311696797e-3,9.571628904567624e-4,
1.6043990494408018e+1,0e+0,2.2508337714805564e+0,-3.803066674013141e-2,7.715783607801263e-2,1.8e+0,-1.1891530054744318e-3,5.208153935265853e-4,
1.6124054270361253e+1,0e+0,1.8423199499345368e+0,-5.7772541271072855e-2,1.3598350356913702e-2,1.8e+0,-1.232052644198206e-4,9.17888649091675e-5,
1.620470808108767e+1,0e+0,1.4402420576932868e+0,-4.49712493939934e-2,1.7485802924040797e-3,1.8e+0,-1.2007649311460145e-5,1.180291697372754e-5,
1.6285842375307233e+1,0e+0,1.2598979209470815e+0,-8.466495529285498e-3,6.5154700825456e-4,1.8e+0,-4.558627573671842e-6,4.39794230571828e-6,
1.6367268100657096e+1,0e+0,1.3875695470777791e+0,3.0313830638423443e-2,1.3160461192566753e-3,1.8e+0,-9.062484901099094e-6,8.88331130498256e-6,
1.6449345239530643e+1,0e+0,1.7358930779195108e+0,4.987024279168995e-2,8.083919683608956e-3,1.8e+0,-6.327137909929031e-5,5.456645786436046e-5,
1.653720122424271e+1,0e+0,2.112276870211537e+0,3.8968635207191946e-2,4.5364115169543306e-2,1.8e+0,-6.119143805385224e-4,3.0620777739441736e-4,
1.6618465837633885e+1,0e+0,2.2620846918227877e+0,7.504538725339209e-3,8.031651578404331e-2,1.8e+0,-1.248503635580515e-3,5.421364815422924e-4,
1.670890763779536e+1,0e+0,2.124848825406334e+0,-2.8081303227462457e-2,4.77357280528537e-2,1.8e+0,-6.532814449372974e-4,3.222161643567625e-4,
1.679034688043611e+1,0e+0,1.8215215585063522e+0,-4.218537409698034e-2,1.2304105833688475e-2,1.8e+0,-1.0800923525758344e-4,8.305271437739722e-5,
1.6871274695660627e+1,0e+0,1.5302883373925669e+0,-3.2142632654357566e-2,2.8204362605443872e-3,1.8e+0,-1.946306485007404e-5,1.9037944758674617e-5,
1.695269570812613e+1,0e+0,1.4055688915878175e+0,-5.105044235327014e-3,1.4508055809497392e-3,1.8e+0,-9.977985525180116e-6,9.79293767141074e-6,
1.7033902540183014e+1,0e+0,1.505546035334494e+0,2.2866042982630924e-2,2.475610671008724e-3,1.8e+0,-1.7030971787262983e-5,1.6710372029308887e-5,
1.7115736803193105e+1,0e+0,1.7616345018760942e+0,3.648406070902382e-2,9.184193668238472e-3,1.8e+0,-7.416577882018299e-5,6.19933072606097e-5,
1.7204269588012757e+1,0e+0,2.0352414579177114e+0,2.776907221673003e-2,3.282908669675516e-2,1.8e+0,-4.0102429581473364e-4,2.2159633520309736e-4,
1.7285201044715656e+1,0e+0,2.138382889611802e+0,4.556945193823177e-3,5.0398432127347514e-2,1.8e+0,-7.001606788555508e-4,3.4018941685959574e-4,
1.7366336604447046e+1,0e+0,2.0500365170100494e+0,-1.9313923762714968e-2,3.498274929341877e-2,1.8e+0,-4.3613957073112067e-4,2.3613355773057673e-4,
1.7448082782219064e+1,0e+0,1.831383413230207e+0,-3.0816425585719377e-2,1.2900999573114802e-2,1.8e+0,-1.1492704490836253e-4,8.708174711852493e-5,
1.7536479741903413e+1,0e+0,1.5989787468475454e+0,-2.331869093744583e-2,4.034783598026247e-3,1.8e+0,-2.8384533432502385e-5,2.7234789286677168e-5,
1.7617669257290174e+1,0e+0,1.510264853545552e+0,-3.396553808928142e-3,2.5381135558699523e-3,1.8e+0,-1.7469099215823482e-5,1.713226650212218e-5,
1.7699030507680693e+1,0e+0,1.5862549317740502e+0,1.7085336097713996e-2,3.7775091698624697e-3,1.8e+0,-2.6442183918881645e-5,2.5498186896571674e-5,
1.778106133868824e+1,0e+0,1.7757626124146253e+0,2.6846285405423907e-2,9.845890879639094e-3,1.8e+0,-8.099050505768618e-5,6.64597634375639e-5,
1.7869917752883833e+1,0e+0,1.9759941200607347e+0,2.0104005866523826e-2,2.529408740217315e-2,1.8e+0,-2.8317886252936936e-4,1.7073508996466878e-4,
1.795076571615854e+1,0e+0,2.0490051116679804e+0,2.9238447272332967e-3,3.481789879710201e-2,1.8e+0,-4.3337306806058616e-4,2.350208168804386e-4,
1.8031740145910682e+1,0e+0,1.9817006479122623e+0,-1.4514231909253366e-2,2.5937150182697183e-2,1.8e+0,-2.928160498375694e-4,1.75075763733206e-4,
1.8113341756762136e+1,0e+0,1.819854758603366e+0,-2.273785483300086e-2,1.2205050757278277e-2,1.8e+0,-1.0687020165426123e-4,8.238409261162838e-5,
1.8202152146490132e+1,0e+0,1.6489678320815255e+0,-1.6912896410609116e-2,5.215525539582384e-3,1.8e+0,-3.7696531710925546e-5,3.52047973921811e-5,
1.828305433180731e+1,0e+0,1.5863115677333723e+0,-2.1595496180250853e-3,3.7786473133597405e-3,1.8e+0,-2.645080539662257e-5,2.5505869365178253e-5,
1.8364138630902474e+1,0e+0,1.6442468235980547e+0,1.2818407329715275e-2,5.091750078364085e-3,1.8e+0,-3.669370501745324e-5,3.436931302895758e-5,
1.8445896195654807e+1,0e+0,1.7842236943758791e+0,1.9830323696555414e-2,1.0263074117511956e-2,1.8e+0,-8.539472523833719e-5,6.927575029320571e-5,
1.853523161217293e+1,0e+0,1.9317199961167875e+0,1.465138475515014e-2,2.0689411096637106e-2,1.8e+0,-2.1608674978033926e-4,1.3965352490230047e-4,
1.861587349363063e+1,0e+0,1.983787759934409e+0,1.9298152239173836e-3,2.6189725242253215e-2,1.8e+0,-2.9670505782391815e-4,1.7678064538520922e-4,
1.86966812896876e+1,0e+0,1.9328256796050889e+0,-1.0862601901684331e-2,2.079292675271685e-2,1.8e+0,-2.1753319670873156e-4,1.4035225558083875e-4,
1.8778130793273526e+1,0e+0,1.812936855675352e+0,-1.6798744971693275e-2,1.1803590272472145e-2,1.8e+0,-1.0230479729915129e-4,7.967423433918698e-5,
1.886724513268732e+1,0e+0,1.6869153512228536e+0,-1.2336442758685525e-2,6.3242281805054035e-3,1.8e+0,-4.708894907405094e-5,4.2688540218411476e-5,
1.8947930929533054e+1,0e+0,1.6420817187976042e+0,-1.4033990822213329e-3,5.0357375649683275e-3,1.8e+0,-3.623965185904003e-5,3.3991228563536215e-5,
1.9028815701244625e+1,0e+0,1.6858888019679712e+0,9.598122081125737e-3,6.291554683042239e-3,1.8e+0,-4.680513795016737e-5,4.2467994110535114e-5,
1.911037348675487e+1,0e+0,1.7894350664924943e+0,1.4682276678300084e-2,1.0528100282199318e-2,1.8e+0,-8.823231443583907e-5,7.10646769048454e-5,
1.919087022301263e+1,0e+0,1.8904412655541696e+0,1.1467384661301303e-2,1.7079279596755037e-2,1.8e+0,-1.6694039771462943e-4,1.1528513727809652e-4,
1.927186150556811e+1,0e+0,1.9355360674591722e+0,2.316287646692534e-3,2.1054740242918618e-2,1.8e+0,-2.2124113447838465e-4,1.4211949663970068e-4,
1.936172389390411e+1,0e+0,1.8971454885324304e+0,-8.13837252487819e-3,1.7625769973087096e-2,1.8e+0,-1.7416258795456378e-4,1.1897394731833791e-4,
1.944304325044924e+1,0e+0,1.8081617534118273e+0,-1.2420131102102891e-2,1.1533473541891742e-2,1.8e+0,-9.926855237168096e-5,7.785094640776927e-5,
1.9523887108287074e+1,0e+0,1.7214610614424322e+0,-9.575349526628302e-3,7.523079545693465e-3,1.8e+0,-5.794761980693584e-5,5.078078693343089e-5,
1.9605236188626208e+1,0e+0,1.6833706029109292e+0,-1.6369672185417039e-3,6.212014527981709e-3,1.8e+0,-4.6112082722785715e-5,4.193109806387654e-5,
1.969560774661051e+1,0e+0,1.717714437226473e+0,7.35116019604234e-3,7.383408505830628e-3,1.8e+0,-5.664573386939941e-5,4.9838007414356746e-5,
1.9776968619955536e+1,0e+0,1.7949318679798179e+0,1.0904746645207963e-2,1.081447508483685e-2,1.8e+0,-9.13324985539754e-5,7.299770682264874e-5,
1.9857485583713565e+1,0e+0,1.8688700730827295e+0,8.336177357095435e-3,1.5428466887614636e-2,1.8e+0,-1.45701933113666e-4,1.041421514913988e-4,
1.993854221354172e+1,0e+0,1.9004543763823303e+0,1.473742746522838e-3,1.7900872282360647e-2,1.8e+0,-1.7782871866494623e-4,1.2083088790593439e-4,
2.0019570445838728e+1,0e+0,1.8751276379132091e+0,-5.6398073742349e-3,1.5894285419437604e-2,1.8e+0,-1.5162329814346134e-4,1.0728642658120383e-4,
2.0101196757715734e+1,0e+0,1.8103381219753374e+0,-9.127934759968821e-3,1.1655918664412512e-2,1.8e+0,-1.0064150965604507e-4,7.867745098478446e-5,
2.0189092442498893e+1,0e+0,1.7409317651966707e+0,-6.986351441680345e-3,8.289592762060774e-3,1.8e+0,-6.526631038446425e-5,5.595475114391023e-5,
2.0270243779554058e+1,0e+0,1.713599763599612e+0,-1.0838709729041824e-3,7.2328499551882475e-3,1.8e+0,-5.525298597609026e-5,4.882173719752068e-5,
2.0351747134653678e+1,0e+0,1.7354940871003621e+0,5.0658077636539355e-3,8.068520093326481e-3,1.8e+0,-6.312634877746019e-5,5.4462510629953754e-5,
2.0433902371220395e+1,0e+0,1.7917504594389637e+0,8.054428508944167e-3,1.0647872590594742e-2,1.8e+0,-8.952469873191315e-5,7.187313998651452e-5,
2.0522736161576947e+1,0e+0,1.8517968065097687e+0,6.120194161998813e-3,1.4227982443332093e-2,1.8e+0,-1.3081747399550092e-4,9.603888149249165e-5,
2.060384890041601e+1,0e+0,1.8744178159657467e+0,1.0013873067349563e-3,1.584116508430969e-2,1.8e+0,-1.509465484848746e-4,1.0692786431909041e-4,
2.0685138317272433e+1,0e+0,1.8548032029245807e+0,-4.250763328858693e-3,1.4433757628934396e-2,1.8e+0,-1.333385038558444e-4,9.742786399530718e-5,
2.0767069346595214e+1,0e+0,1.8062759095182346e+0,-6.75290060513957e-3,1.142837964881177e-2,1.8e+0,-9.809530484393425e-5,7.714156262947946e-5,
2.085515914619466e+1,0e+0,1.7552113368098023e+0,-5.056610228646598e-3,8.897655247751643e-3,1.8e+0,-7.127525849789235e-5,6.00591729223236e-5,
2.0936157070778933e+1,0e+0,1.7359649371547894e+0,-6.493622514488359e-4,8.087452013055614e-3,1.8e+0,-6.330873334460389e-5,5.4590301088125404e-5,
2.1017344445410707e+1,0e+0,1.7529625117933119e+0,3.859482155329894e-3,8.799234775107134e-3,1.8e+0,-7.029088930150286e-5,5.9394834731973166e-5,
2.1099187374413116e+1,0e+0,1.7947782898270466e+0,5.998005086683813e-3,1.0806383875609532e-2,1.8e+0,-9.124446389042942e-5,7.294309116036436e-5,
2.1188743205666697e+1,0e+0,1.839208134398199e+0,4.4761638502694495e-3,1.3396613571784857e-2,1.8e+0,-1.2079298160195314e-4,9.04271416095478e-5,
2.1269551851976043e+1,0e+0,1.8551374840441495e+0,6.641929944972887e-4,1.44567738290131e-2,1.8e+0,-1.3362123119683067e-4,9.758322334583844e-5,
2.1350546430788775e+1,0e+0,1.8400237152328809e+0,-3.189577632881471e-3,1.3449571581650457e-2,1.8e+0,-1.2142668502834481e-4,9.07846081761406e-5,
2.143219615987942e+1,0e+0,1.8039635105309624e+0,-4.9853501664149e-3,1.1300689865488045e-2,1.8e+0,-9.667573145114971e-5,7.627965659204432e-5,
2.1520580699814385e+1,0e+0,1.7662658550462034e+0,-3.669718252897817e-3,9.396572414831314e-3,1.8e+0,-7.633538146743692e-5,6.342686380011138e-5,
2.160131114469202e+1,0e+0,1.7525530562950458e+0,-3.928255513619682e-4,8.781422997565291e-3,1.8e+0,-7.011321570080228e-5,5.927460523356572e-5,
2.168224666445095e+1,0e+0,1.765515491548031e+0,2.922756781100273e-3,9.361990178668206e-3,1.8e+0,-7.598136252612948e-5,6.31934337060104e-5,
2.1763844557734654e+1,0e+0,1.796541921812362e+0,4.470774348863465e-3,1.089971556296171e-2,1.8e+0,-9.226207671854652e-5,7.357308004999155e-5,
2.1844447003945174e+1,0e+0,1.8269855440821767e+0,3.5225886967462836e-3,1.2632673772160777e-2,1.8e+0,-1.1180687229707864e-4,8.527054796208525e-5,
2.192556680981927e+1,0e+0,1.8407267352027592e+0,7.761852213029962e-4,1.3494965643104095e-2,1.8e+0,-1.2196851219662623e-4,9.109101809095266e-5,
2.2015369301199808e+1,0e+0,1.8293619746067291e+0,-2.3708851579668714e-3,1.2778111356005817e-2,1.8e+0,-1.1350131378843513e-4,8.625225165303927e-5,
2.2096834975380403e+1,0e+0,1.8025915137598831e+0,-3.672441394070837e-3,1.1225552108476436e-2,1.8e+0,-9.58435487088613e-5,7.577247673221595e-5,
2.218672296112688e+1,0e+0,1.7744566131953539e+0,-2.6408925755195692e-3,9.782915949563362e-3,1.8e+0,-8.033254044055495e-5,6.60346826595527e-5,
2.2267650908379004e+1,0e+0,1.7648471795934326e+0,-1.848828477229569e-4,9.331204156589404e-3,1.8e+0,-7.566625385101337e-5,6.298562805697849e-5,
2.2348419366083668e+1,0e+0,1.7749687038771629e+0,2.245606287475921e-3,9.80771261539759e-3,1.8e+0,-8.059215905834591e-5,6.620206015393374e-5,
2.242983816785347e+1,0e+0,1.798103592191523e+0,3.341816981725748e-3,1.0982980928164479e-2,1.8e+0,-9.31730505662697e-5,7.413512126511024e-5,
2.2510129471828584e+1,0e+0,1.820404876279978e+0,2.5987824476462348e-3,1.2237869713884283e-2,1.8e+0,-1.0724843134625591e-4,8.260562056871893e-5,
2.2590953219438177e+1,0e+0,1.8302043596005648e+0,5.535683938845728e-4,1.2830025766567318e-2,1.8e+0,-1.1410806145365404e-4,8.660267392432941e-5,
2.2672113812287357e+1,0e+0,1.8228933372832685e+0,-1.6011518851244313e-3,1.2385855425350381e-2,1.8e+0,-1.089502347239688e-4,8.360452412111509e-5,
2.2753880871355967e+1,0e+0,1.803476100264913e+0,-2.679227563928502e-3,1.1273944025378707e-2,1.8e+0,-9.63792431305701e-5,7.609912217130628e-5,
2.284036129362664e+1,0e+0,1.782704837666392e+0,-2.0816884023858117e-3,1.0187051041323433e-2,1.8e+0,-8.45867099523224e-5,6.876259452893318e-5,
2.2921765844878195e+1,0e+0,1.7740193832726745e+0,-3.202657151274196e-4,9.762076553519669e-3,1.8e+0,-8.011593075260174e-5,6.589401673625777e-5,
2.3012595541044945e+1,0e+0,1.7815474909707927e+0,1.6976579409750186e-3,1.012945871180658e-2,1.8e+0,-8.397617970105236e-5,6.837384630469442e-5,
2.3094401190101248e+1,0e+0,1.798800674157413e+0,2.5014734943922296e-3,1.1020337529731833e-2,1.8e+0,-9.358270585807906e-5,7.438727832568988e-5,
2.317509543739018e+1,0e+0,1.815320907306359e+0,1.9317083010180133e-3,1.1940695370921448e-2,1.8e+0,-1.0385765407466135e-4,8.059969375371977e-5,
2.3256367996606905e+1,0e+0,1.822396097854679e+0,3.99029533304042e-4,1.2356165667273558e-2,1.8e+0,-1.086081831567568e-4,8.340411825409653e-5,
2.3337499542238803e+1,0e+0,1.816740044227827e+0,-1.188558315307574e-3,1.2023019019111722e-2,1.8e+0,-1.0479370664017275e-4,8.115537837900413e-5,
2.341922606427283e+1,0e+0,1.8022585752318696e+0,-1.9649038612520793e-3,1.1207388439214275e-2,1.8e+0,-9.564273108509649e-5,7.564987196469636e-5,
2.350552965592476e+1,0e+0,1.786981095627214e+0,-1.5005763351430652e-3,1.0402555081564166e-2,1.8e+0,-8.68844913192628e-5,7.021724680055813e-5,
2.3586745321953902e+1,0e+0,1.7807362828454472e+0,-1.896490308882835e-4,1.0089262382145608e-2,1.8e+0,-8.355088840019691e-5,6.810252107948286e-5,
2.366830736992439e+1,0e+0,1.7854915854086404e+0,1.1876130838745784e-3,1.0327020054559252e-2,1.8e+0,-8.607681637354302e-5,6.970738536827496e-5,
2.3750499042437795e+1,0e+0,1.7979858652765868e+0,1.8666210650577835e-3,1.0976683566411904e-2,1.8e+0,-9.310405150134756e-5,7.409261407328037e-5,
2.383168329499156e+1,0e+0,1.8105913317805031e+0,1.5184543990146848e-3,1.1670240688839623e-2,1.8e+0,-1.0080249434249455e-4,7.877412464966746e-5,
2.3913423309180725e+1,0e+0,1.8165260442022135e+0,4.101670502145962e-4,1.2004491199198719e-2,1.8e+0,-1.0455040878367929e-4,8.103031559459137e-5,
2.400227351814148e+1,0e+0,1.8122867984829154e+0,-8.698464964489045e-4,1.1766557078194337e-2,1.8e+0,-1.0188724414193653e-4,7.942426027781179e-5,
2.4084313599212734e+1,0e+0,1.8014643572902889e+0,-1.433919463677466e-3,1.1164168549894035e-2,1.8e+0,-9.516544228762853e-5,7.535813771178474e-5,
2.4171283030081632e+1,0e+0,1.790145724782398e+0,-1.069086270089866e-3,1.056473920625764e-2,1.8e+0,-8.862706667253444e-5,7.131198964223907e-5,
2.4252798082671543e+1,0e+0,1.7857130188660888e+0,-8.514837954980305e-5,1.0333949595461203e-2,1.8e+0,-8.613057032703773e-5,6.975415976936313e-5,
2.433419904958232e+1,0e+0,1.7894379188357e+0,9.262204694004532e-4,1.0528264147326993e-2,1.8e+0,-8.823417595234132e-5,7.106578299445722e-5,
2.4416224743316e+1,0e+0,1.7987593170889067e+0,1.4102854250300238e-3,1.1014425174052656e-2,1.8e+0,-9.349974513284272e-5,7.434736992485544e-5,
2.4497081401653883e+1,0e+0,1.8080045148309245e+0,1.1368350017316976e-3,1.1524703724182683e-2,1.8e+0,-9.917063113592758e-5,7.779175013823312e-5,
2.4578538956289833e+1,0e+0,1.812259512620622e+0,3.115059400923187e-4,1.1761676511234262e-2,1.8e+0,-1.0181470959213238e-4,7.939131645083128e-5,
2.4667889233549953e+1,0e+0,1.808959297576714e+0,-6.364473470386117e-4,1.1578227181191253e-2,1.8e+0,-9.976978330388637e-5,7.815303347304097e-5,
2.474962606417184e+1,0e+0,1.8009102738840173e+0,-1.0398010924368027e-3,1.1130985742877492e-2,1.8e+0,-9.478344377104723e-5,7.513415376442307e-5,
2.4836251918068033e+1,0e+0,1.79260089893274e+0,-7.587509946701808e-4,1.0692172841096886e-2,1.8e+0,-9.000423725583193e-5,7.217216667740399e-5,
2.491752192032004e+1,0e+0,1.789411512945415e+0,-2.7825331084902287e-5,1.0524477529313708e-2,1.8e+0,-8.818172129517151e-5,7.104022332286753e-5,
2.499868642688505e+1,0e+0,1.7922318129535804e+0,7.171298667064735e-4,1.0668759087293103e-2,1.8e+0,-8.973060652390282e-5,7.201412383922846e-5,
2.508048484825912e+1,0e+0,1.7991429384898574e+0,1.069895724649354e-3,1.1036748528822804e-2,1.8e+0,-9.375311491180253e-5,7.449805256955394e-5,
2.5161141089892787e+1,0e+0,1.805963070804264e+0,8.639799649441471e-4,1.1411029026818967e-2,1.8e+0,-9.790202688492958e-5,7.702444593102804e-5,
2.5242449148669508e+1,0e+0,1.8090852250574612e+0,2.5220610273684246e-4,1.1583505397115917e-2,1.8e+0,-9.981958067205781e-5,7.818866143053245e-5,
2.5331982721145316e+1,0e+0,1.8066089291737302e+0,-4.5037074491558187e-4,1.1442446589202307e-2,1.8e+0,-9.82289488190264e-5,7.723651447711558e-5,
2.541361440654168e+1,0e+0,1.8006414467898901e+0,-7.463009497493769e-4,1.1117850809175961e-2,1.8e+0,-9.464611191322336e-5,7.504549296193775e-5,
2.549906111179987e+1,0e+0,1.7945533060768268e+0,-5.410046820041717e-4,1.0794529100286873e-2,1.8e+0,-9.111546513708576e-5,7.28630714269364e-5,
2.5580325038165213e+1,0e+0,1.7921562051405349e+0,-9.860311082780593e-7,1.0668990373771281e-2,1.8e+0,-8.97532056259161e-5,7.201568502295616e-5,
2.566150491193013e+1,0e+0,1.7942138276808886e+0,5.522534763801205e-4,1.0774346019300579e-2,1.8e+0,-9.08846825658109e-5,7.272683563027892e-5,
2.5743313956297914e+1,0e+0,1.7993220044918898e+0,8.166671726691053e-4,1.1047250507252832e-2,1.8e+0,-9.387273559747762e-5,7.456894092395662e-5,
2.5823988633046294e+1,0e+0,1.8043875579606512e+0,6.670332968007638e-4,1.132400726030669e-2,1.8e+0,-9.69344605853147e-5,7.643704900707017e-5,
2.590537683109358e+1,0e+0,1.8067285007089697e+0,2.1467530454658793e-4,1.1452562647762982e-2,1.8e+0,-9.835994126104167e-5,7.730479787240014e-5,
2.5994730727772513e+1,0e+0,1.8049259470700434e+0,-3.060098568013893e-4,1.1351278686611385e-2,1.8e+0,-9.722494149978816e-5,7.662113113462686e-5,
2.607645868275381e+1,0e+0,1.8005111035737023e+0,-5.281893719229306e-4,1.111155698615894e-2,1.8e+0,-9.458069730968377e-5,7.500300965657286e-5,
2.6159768978344907e+1,0e+0,1.7960693675618693e+0,-3.8574839168402245e-4,1.087463504743473e-2,1.8e+0,-9.198825546137676e-5,7.340378657018443e-5,
2.6241249618275276e+1,0e+0,1.7941939273025496e+0,1.0928090946216259e-5,1.0774907203045567e-2,1.8e+0,-9.089858598615451e-5,7.273062362055758e-5,
2.6322680193255824e+1,0e+0,1.7956388085826689e+0,4.24891172369096e-4,1.0850528777075708e-2,1.8e+0,-9.171892873715534e-5,7.324106924526104e-5,
2.6404710814923757e+1,0e+0,1.799400719699211e+0,6.283464617708916e-4,1.1051948995538824e-2,1.8e+0,-9.392663922418599e-5,7.460065571988708e-5,
2.648559996508853e+1,0e+0,1.8031865335733797e+0,5.23706102530452e-4,1.1258081378201695e-2,1.8e+0,-9.620353487178564e-5,7.599204930286145e-5,
2.6567290007624376e+1,0e+0,1.8049786558441663e+0,1.9019876711417392e-4,1.1356069028719162e-2,1.8e+0,-9.728794282969831e-5,7.665346594385435e-5,
2.6656113485296665e+1,0e+0,1.8037082225620376e+0,-1.956006079634747e-4,1.1285385847367282e-2,1.8e+0,-9.649942400208396e-5,7.617635446972916e-5,
2.6738143724573685e+1,0e+0,1.8004500397106784e+0,-3.6615223256722564e-4,1.1108662384972212e-2,1.8e+0,-9.455090999618663e-5,7.498347109856245e-5,
2.6818177899916655e+1,0e+0,1.7972339473738408e+0,-2.7347214068013846e-4,1.0936540752809296e-2,1.8e+0,-9.266460472822459e-5,7.382165008146275e-5,
2.6900153219389328e+1,0e+0,1.795710657810152e+0,1.5711981343873458e-5,1.0855261126935536e-2,1.8e+0,-9.177508276059691e-5,7.327301260681489e-5,
2.6988895345781984e+1,0e+0,1.7968319184758186e+0,3.466058002408608e-4,1.0914220955422618e-2,1.8e+0,-9.241605730718602e-5,7.367099144910268e-5,
2.7070856020719372e+1,0e+0,1.7996445989478478e+0,4.909993052840751e-4,1.1065340265202325e-2,1.8e+0,-9.407509167103827e-5,7.469104679011571e-5,
2.715173559274337e+1,0e+0,1.802425835803802e+0,4.0727136697555374e-4,1.1216510167398164e-2,1.8e+0,-9.574356419745386e-5,7.571144362993762e-5,
2.723350144962944e+1,0e+0,1.8036963743257182e+0,1.5697748833716667e-4,1.128572991446962e-2,1.8e+0,-9.65083578050741e-5,7.617867692266994e-5,
2.7322863436689786e+1,0e+0,1.8026813193033075e+0,-1.2798419943875494e-4,1.1229742628836414e-2,1.8e+0,-9.588625164398668e-5,7.58007627446458e-5,
2.7404609586742946e+1,0e+0,1.8002480761965947e+0,-2.4771760148878e-4,1.10980024244767e-2,1.8e+0,-9.443486181848589e-5,7.491151636521773e-5,
2.748172938305882e+1,0e+0,1.7979516980593304e+0,-1.7830108013594732e-4,1.0974856553439494e-2,1.8e+0,-9.308403617558152e-5,7.408028173571659e-5,
2.7563486890699615e+1,0e+0,1.7968225179033734e+0,3.532245904325234e-5,1.0914430210288026e-2,1.8e+0,-9.242184131397232e-5,7.367240391944418e-5,
2.765187185957095e+1,0e+0,1.7976415551888123e+0,2.799688227538351e-4,1.0957787624595566e-2,1.8e+0,-9.289464294388107e-5,7.396506646602008e-5,
2.773364704847515e+1,0e+0,1.7997161264350088e+0,3.8800686493237625e-4,1.1069365758596655e-2,1.8e+0,-9.412019821428564e-5,7.471821887052743e-5,
2.781453264450025e+1,0e+0,1.801782516584985e+0,3.2739754798185477e-4,1.1181463686369339e-2,1.8e+0,-9.535634337250914e-5,7.547487988299305e-5,
2.789632266689362e+1,0e+0,1.8027373058072387e+0,1.4255936064484567e-4,1.123335601442689e-2,1.8e+0,-9.59290656647578e-5,7.582515309738152e-5,
2.798551960236849e+1,0e+0,1.8020013603119005e+0,-6.877788738804725e-5,1.119298594858767e-2,1.8e+0,-9.548161637870322e-5,7.555265515296677e-5,
2.805818018050732e+1,0e+0,1.8004060756628044e+0,-1.5624073226518025e-4,1.1106697011247058e-2,1.8e+0,-9.453136510349864e-5,7.497020482591764e-5,
2.8133095508508855e+1,0e+0,1.7986916036471263e+0,-1.2244190703562458e-4,1.1014484153325246e-2,1.8e+0,-9.351847546209063e-5,7.434776803494543e-5,
2.8213516040602347e+1,0e+0,1.7976881312648096e+0,2.312991531517906e-5,1.0960688222508813e-2,1.8e+0,-9.292844904341713e-5,7.39846455019345e-5,
2.8300179935589554e+1,0e+0,1.798063968386398e+0,2.0719971018712708e-4,1.0980606378055188e-2,1.8e+0,-9.314576265718083e-5,7.411909305187254e-5,
2.8384286776027242e+1,0e+0,1.7995433356052155e+0,3.078207608837657e-4,1.1060115941728607e-2,1.8e+0,-9.401881442312016e-5,7.46557826066681e-5,
2.846700231159772e+1,0e+0,1.8011587077888978e+0,2.787858132148695e-4,1.1147573636904759e-2,1.8e+0,-9.498237151954014e-5,7.524612204910713e-5,
2.8550953551990506e+1,0e+0,1.8020086090913774e+0,1.458357228068178e-4,1.1193692574873113e-2,1.8e+0,-9.54910117674438e-5,7.555742488039352e-5,
2.8637005374116818e+1,0e+0,1.8016159247111383e+0,-1.0113146225629315e-5,1.1172208815510287e-2,1.8e+0,-9.52531797794226e-5,7.541240950469445e-5,
2.871080094823801e+1,0e+0,1.8004784533309357e+0,-8.739106124646545e-5,1.1110653459851197e-2,1.8e+0,-9.457514665909406e-5,7.499691085399559e-5,
2.878426910432501e+1,0e+0,1.7991996275306499e+0,-7.556565849224853e-5,1.1041767660831744e-2,1.8e+0,-9.38179623665832e-5,7.453193171061428e-5,
2.886633256490618e+1,0e+0,1.7983291638376908e+0,2.5832307573769503e-5,1.0995019077319534e-2,1.8e+0,-9.330481053489956e-5,7.421637877190686e-5,
2.894910353761592e+1,0e+0,1.7984544000242195e+0,1.589460814779979e-4,1.1001645050523201e-2,1.8e+0,-9.337704470015182e-5,7.426110409103161e-5,
2.9040034541377864e+1,0e+0,1.7995507419492143e+0,2.496433028371182e-4,1.106055373066199e-2,1.8e+0,-9.402382040130894e-5,7.465873768196844e-5,
2.9125446512917048e+1,0e+0,1.8007982025417875e+0,2.3474128437002214e-4,1.1128030687975979e-2,1.8e+0,-9.476693182187764e-5,7.511420714383786e-5,
2.9212251643714655e+1,0e+0,1.80148278732761e+0,1.3574047238949723e-4,1.1165128101452315e-2,1.8e+0,-9.517581978828123e-5,7.536461468480313e-5,
2.9296289247437667e+1,0e+0,1.8012311227355755e+0,2.170522317457019e-5,1.1151403372826788e-2,1.8e+0,-9.502410405514978e-5,7.527197276658082e-5,
2.937040909909814e+1,0e+0,1.8004042880097773e+0,-3.890297775015781e-5,1.1106676831225362e-2,1.8e+0,-9.453153002509632e-5,7.497006861077121e-5,
2.9434355527835628e+1,0e+0,1.7995577245022933e+0,-3.768839565525586e-5,1.1061038710701868e-2,1.8e+0,-9.402969580514183e-5,7.466201129723761e-5,
2.949979395486999e+1,0e+0,1.798911056503393e+0,1.241188556125891e-5,1.1026257874298132e-2,1.8e+0,-9.364765368905534e-5,7.44272406515124e-5,
2.9583057669883097e+1,0e+0,1.7987399937162567e+0,1.1020302810685934e-4,1.101702984791271e-2,1.8e+0,-9.354615359195063e-5,7.43649514734108e-5,
2.9671522046185117e+1,0e+0,1.7993451158492695e+0,1.9490282209306872e-4,1.104952100172861e-2,1.8e+0,-9.390276829830454e-5,7.458426676166812e-5,
2.976066997664388e+1,0e+0,1.8003235255606052e+0,2.096727883677686e-4,1.1102339496372807e-2,1.8e+0,-9.448392109569282e-5,7.494079160051646e-5,
2.9838983574061317e+1,0e+0,1.8009742854680237e+0,1.588546631577959e-4,1.1137571288002523e-2,1.8e+0,-9.487208236342088e-5,7.517860619401704e-5,
2.992158644851477e+1,0e+0,1.801069520954142e+0,7.444252050913894e-5,1.1142696962883655e-2,1.8e+0,-9.492839977686765e-5,7.521320449946468e-5,
3e+1,0e+0,1.80058987003377e+0,9.38315017675207e-6,1.111671907647413e-2,1.8e+0,-9.464214336714783e-5,7.503785376620039e-5,
3.0003944095574443e+1,7.099372033997753e-2,1.800565760341095e+0,7.151737319244815e-6,7.882766137253455e-2,1.8e+0,-6.262270500867531e-5,5.287910196975987e-5,
3.0011832286723326e+1,2.1298116101986864e-1,1.800503328701594e+0,2.9351479572921326e-6,2.167835189599837e-1,1.8e+0,-9.506468598690934e-5,2.5665916095776948e-5,
3.0017820341887287e+1,3.207661539711637e-1,1.8002949725173536e+0,5.450120890358713e-7,3.229214081748788e-1,1.8e+0,-5.963384899055e-4,1.4547965875077139e-5,
3.002391794976289e+1,4.305230957320134e-1,1.7992040596675447e+0,2.072364736430331e-6,4.317050717645805e-1,1.8e+0,-2.989455190622162e-3,7.978338219827644e-6,
3.002942739938902e+1,5.29693189002387e-1,1.7961755092479492e+0,1.4800380891984739e-5,5.303550682188765e-1,1.8e+0,-8.067643501805685e-3,4.467684711303467e-6,
3.003618718767519e+1,6.513693781534045e-1,1.787692345857998e+0,6.932532293476933e-5,6.516555275278093e-1,1.8e+0,-1.7276706252128706e-2,1.93150827723209e-6,
3.0044255741802537e+1,7.966033524456719e-1,1.7687942322851504e+0,2.4487052269384676e-4,7.966259460180576e-1,1.8e+0,-3.0316490196485642e-2,1.5250661360242251e-7,
3.0055090301867e+1,9.916254336060106e-1,1.727044702272204e+0,8.091401826522e-4,9.913273025684034e-1,1.8e+0,-4.884645972033107e-2,-2.01238450384892e-6,
3.0070466837318495e+1,1.2684030717329122e+0,1.6369002195735682e+0,2.623994821523957e-3,1.2669660021284674e+0,1.8e+0,-7.419663245215644e-2,-9.700219830001064e-6,
3.0093681068009577e+1,1.6862592241723817e+0,1.446826820498553e+0,8.616434617190966e-3,1.6757661030535438e+0,1.8e+0,-1.0596245854357844e-1,-7.082856755215652e-5,
3.01e+1,1.8e+0,1.3863973298720111e+0,1.103903684004521e-2,1.7827723366592447e+0,1.8e+0,-1.126256583184146e-1,-1.1628672755009846e-4,
3.0103718211924388e+1,1.8e+0,1.3511329055573988e+0,1.2708019823066812e-2,1.7827637134899823e+0,1.8e+0,-1.120391178043071e-1,-1.1634493394261855e-4,
3.011115463577316e+1,1.8e+0,1.282640179582185e+0,1.630065625956485e-2,1.78274953606263e+0,1.8e+0,-1.1084060134316794e-1,-1.1644063157724774e-4,
3.012602748347071e+1,1.8e+0,1.1588583478203462e+0,2.4915764239229365e-2,1.7827084028707674e+0,1.8e+0,-1.084142720920026e-1,-1.1671828062232055e-4,
3.015577317886581e+1,1.8e+0,9.718617152361884e-1,4.676814096645475e-2,1.7825505565651076e+0,1.8e+0,-1.0369264662022969e-1,-1.1778374318552332e-4,
3.021526456965601e+1,1.8e+0,8.548339160546414e-1,9.951631256087627e-2,1.782287151928536e+0,1.8e+0,-9.966761855679006e-2,-1.1956172448238274e-4,
3.0305942041720222e+1,1.8e+0,1.198142375331224e+0,1.6965641212114238e-1,1.782727251237895e+0,1.8e+0,-1.0925456020730195e-1,-1.1659105414420744e-4,
3.0391265174566914e+1,1.8e+0,1.8072158197677899e+0,1.9502476297902394e-1,1.7827992533630967e+0,1.8e+0,-1.1860437827211417e-1,-1.1610503979909634e-4,
3.0479808665370722e+1,1.8e+0,2.326277934084773e+0,1.7140606333495698e-1,1.782810504950413e+0,1.8e+0,-1.2524695427343166e-1,-1.1602909158471217e-4,
3.0559992509480786e+1,1.8e+0,2.4491788945941835e+0,1.2427973978050465e-1,1.7828191950560885e+0,1.8e+0,-1.2802948671903824e-1,-1.1597043337140123e-4,
3.0657106361654e+1,1.8e+0,2.1531348075400523e+0,7.56104674303783e-2,1.7828051811244825e+0,1.8e+0,-1.2280604068422651e-1,-1.1606502740974314e-4,
3.0743529179598315e+1,1.8e+0,1.7084940071871855e+0,6.430511771829873e-2,1.7827974576610122e+0,1.8e+0,-1.1739219225313909e-1,-1.1611716078816815e-4,
3.0821212176697315e+1,1.8e+0,1.4053429386851355e+0,8.318841928001972e-2,1.7827759636730214e+0,1.8e+0,-1.130112174560284e-1,-1.1626224520710528e-4,
3.0898845449062325e+1,1.8e+0,1.3402189143206573e+0,1.1635483397234761e-1,1.7827616636505357e+0,1.8e+0,-1.1185376604485195e-1,-1.1635877035888302e-4,
3.0998322460619093e+1,1.8e+0,1.5716145301515358e+0,1.5058321017095785e-1,1.7827885112425073e+0,1.8e+0,-1.1544351355462665e-1,-1.1617754911307648e-4,
3.1084959874468883e+1,1.8e+0,1.88975806347322e+0,1.5658837015948524e-1,1.7828019505791761e+0,1.8e+0,-1.1967181314055908e-1,-1.1608683359056078e-4,
3.1161883266517805e+1,1.8e+0,2.093037780046205e+0,1.4186539278661392e-1,1.7828044245375283e+0,1.8e+0,-1.2210148157886336e-1,-1.1607013437168329e-4,
3.124076739422917e+1,1.8e+0,2.1264591741436525e+0,1.1743115436105635e-1,1.7828051289024605e+0,1.8e+0,-1.2252655513418655e-1,-1.1606537990839147e-4,
3.134076739422917e+1,1.8e+0,1.9453068731941405e+0,9.384285199416671e-2,1.7828016869685053e+0,1.8e+0,-1.2026025093756094e-1,-1.1608861296258897e-4,
3.142762148734352e+1,1.8e+0,1.714372053746784e+0,9.125117245542103e-2,1.7827964777722336e+0,1.8e+0,-1.1741463221905102e-1,-1.1612377503742236e-4,
3.1504548668734863e+1,1.8e+0,1.5776738220471702e+0,1.030961938419263e-1,1.782789674310828e+0,1.8e+0,-1.1555191923482831e-1,-1.1616969840191026e-4,
3.158489614925521e+1,1.8e+0,1.5691206554415122e+0,1.213031547877727e-1,1.78279210795985e+0,1.8e+0,-1.1550852875435264e-1,-1.1615327127101165e-4,
3.1684896149255213e+1,1.8e+0,1.712700792828735e+0,1.3721208237426039e-1,1.7827988625811486e+0,1.8e+0,-1.1747246644753342e-1,-1.1610767757724676e-4,
3.1770938025176978e+1,1.8e+0,1.8764003881968199e+0,1.3768095978920689e-1,1.782801042116054e+0,1.8e+0,-1.1947841878259155e-1,-1.1609296571663506e-4,
3.185830541095239e+1,1.8e+0,1.9720332459214753e+0,1.2682846121340632e-1,1.782802826550765e+0,1.8e+0,-1.2065454746969026e-1,-1.1608092078233684e-4,
3.193773384243544e+1,1.8e+0,1.9568646054425938e+0,1.1376654098740994e-1,1.7828026078689456e+0,1.8e+0,-1.2047092479418768e-1,-1.1608239688461718e-4,
3.2037733842435436e+1,1.8e+0,1.8384902322436711e+0,1.0399879910309669e-1,1.7828004046697612e+0,1.8e+0,-1.1901574155924079e-1,-1.1609726847911124e-4,
3.212188215529721e+1,1.8e+0,1.726042483164534e+0,1.0549105518319057e-1,1.7827965988339398e+0,1.8e+0,-1.1755487080389598e-1,-1.1612295787090561e-4,
3.220702003740923e+1,1.8e+0,1.671639268746097e+0,1.1410352876066217e-1,1.7827946449807606e+0,1.8e+0,-1.1684292093246341e-1,-1.1613614637986588e-4,
3.2290044592650325e+1,1.8e+0,1.6969373054013273e+0,1.2371044226255219e-1,1.7827960290331468e+0,1.8e+0,-1.17191174821856e-1,-1.1612680402625815e-4,
3.239004459265033e+1,1.8e+0,1.7900211701112267e+0,1.2936251848692448e-1,1.7827990229337483e+0,1.8e+0,-1.183954282305153e-1,-1.1610659519719832e-4,
3.247291734884537e+1,1.8e+0,1.8652343729929746e+0,1.2707292891087482e-1,1.7828007233809278e+0,1.8e+0,-1.1933597310529695e-1,-1.1609511717873729e-4,
3.255638192569694e+1,1.8e+0,1.8939422644972794e+0,1.2043012356448483e-1,1.7828014104711583e+0,1.8e+0,-1.1969625301852897e-1,-1.1609047931968215e-4,
3.2644252952389245e+1,1.8e+0,1.86445659107912e+0,1.1347078853129286e-1,1.7828008220212692e+0,1.8e+0,-1.1933179579862732e-1,-1.1609445135643201e-4,
3.2744252952389246e+1,1.8e+0,1.7931014486723336e+0,1.1059288654372018e-1,1.7827989162116484e+0,1.8e+0,-1.1842732736022843e-1,-1.1610731557137356e-4,
3.28252341311764e+1,1.8e+0,1.7448725114909538e+0,1.1310435745445828e-1,1.7827972885239751e+0,1.8e+0,-1.1780132426921679e-1,-1.1611830246316748e-4,
3.2906370573424674e+1,1.8e+0,1.7325486305397895e+0,1.1807716366969935e-1,1.782796935180516e+0,1.8e+0,-1.1764380188545921e-1,-1.161206875315169e-4,
3.300007294823233e+1,1.8e+0,1.762671074990715e+0,1.229862448821179e-1,1.782798035882328e+0,1.8e+0,-1.1803802198608432e-1,-1.161132577942852e-4,
3.308647179221736e+1,1.8e+0,1.8092999031748587e+0,1.2419708242438068e-1,1.7827993303308052e+0,1.8e+0,-1.1863174089129999e-1,-1.1610452026706436e-4,
3.316382360271609e+1,1.8e+0,1.8412671415339448e+0,1.2224135619448254e-1,1.7828001567736838e+0,1.8e+0,-1.1903561289573752e-1,-1.1609894177763355e-4,
3.324106252278859e+1,1.8e+0,1.8487572616248733e+0,1.1876466235440358e-1,1.7828003599824132e+0,1.8e+0,-1.191306937771372e-1,-1.1609757011871169e-4,
3.334106252278859e+1,1.8e+0,1.824604816359079e+0,1.1509655845520599e-1,1.7827997757936203e+0,1.8e+0,-1.1882739530579166e-1,-1.1610151339306284e-4,
3.342859996175705e+1,1.8e+0,1.7903452099632058e+0,1.1444221494682405e-1,1.7827987738486164e+0,1.8e+0,-1.1838929586113889e-1,-1.161082765218386e-4,
3.3505187842291406e+1,1.8e+0,1.7687458846956479e+0,1.1600877812435355e-1,1.782798097718525e+0,1.8e+0,-1.1811118918800138e-1,-1.1611284039995604e-4,
3.3583794104366845e+1,1.8e+0,1.7651972732572023e+0,1.1860501884327056e-1,1.7827980006249267e+0,1.8e+0,-1.1806605883177056e-1,-1.161134957817448e-4,
3.368379410436685e+1,1.8e+0,1.7844495203215103e+0,1.2112267916433493e-1,1.7827986227444017e+0,1.8e+0,-1.183147218271862e-1,-1.1610929647528842e-4,
3.377054307455968e+1,1.8e+0,1.8089761220791591e+0,1.2140783854004561e-1,1.7827993055906457e+0,1.8e+0,-1.1862692437173422e-1,-1.1610468726314105e-4,
3.384757291338539e+1,1.8e+0,1.823596492889522e+0,1.2015330689946097e-1,1.7827997020543154e+0,1.8e+0,-1.1881246703246467e-1,-1.1610201113337014e-4,
3.392795613999833e+1,1.8e+0,1.824599750986056e+0,1.1821622210278954e-1,1.7827997354034304e+0,1.8e+0,-1.1882548076383004e-1,-1.161017860268447e-4,
3.402795613999833e+1,1.8e+0,1.8093052329005013e+0,1.1652097290846168e-1,1.782799324838002e+0,1.8e+0,-1.1863156802566659e-1,-1.1610455734348615e-4,
3.4113851028057056e+1,1.8e+0,1.791867827407498e+0,1.1647059296654085e-1,1.7827988111213786e+0,1.8e+0,-1.184084402989485e-1,-1.1610802493069484e-4,
3.420108142209105e+1,1.8e+0,1.7817104176547889e+0,1.1762298301368405e-1,1.78279850645368e+0,1.8e+0,-1.1827822262650904e-1,-1.1611008143765957e-4,
3.428015539454532e+1,1.8e+0,1.7833005480890225e+0,1.1900634397917172e-1,1.7827985589521511e+0,1.8e+0,-1.1829880663491162e-1,-1.161097270729796e-4,
3.438015539454532e+1,1.8e+0,1.795832915673892e+0,1.20049670791026e-1,1.7827989331196428e+0,1.8e+0,-1.1845939998068304e-1,-1.1610720144241034e-4,
3.4464370991240635e+1,1.8e+0,1.807789445266598e+0,1.1989714114700141e-1,1.7827992693635362e+0,1.8e+0,-1.1861168353840552e-1,-1.1610493179613039e-4,
3.4549575610520364e+1,1.8e+0,1.8136263169685922e+0,1.1898478021308416e-1,1.7827994329846186e+0,1.8e+0,-1.186859968044756e-1,-1.1610382735382369e-4,
3.463268012138209e+1,1.8e+0,1.8109783243816098e+0,1.1796240187091582e-1,1.7827993614834179e+0,1.8e+0,-1.186524069419727e-1,-1.1610430998692904e-4,
3.473268012138209e+1,1.8e+0,1.8010884340498152e+0,1.1735906394934453e-1,1.7827990815782329e+0,1.8e+0,-1.1852636936033234e-1,-1.1610619934692736e-4,
3.481547252180093e+1,1.8e+0,1.7930870174638216e+0,1.1760017812461548e-1,1.7827988462405746e+0,1.8e+0,-1.184240049237259e-1,-1.1610778787612096e-4,
3.489886100274903e+1,1.8e+0,1.7900214176693074e+0,1.1830445909215788e-1,1.7827987565719334e+0,1.8e+0,-1.1838480532011166e-1,-1.1610839313944826e-4,
3.4986544262201726e+1,1.8e+0,1.7931217497871739e+0,1.1904349010288989e-1,1.7827988494745128e+0,1.8e+0,-1.1842454594372936e-1,-1.1610776604703728e-4,
3.508654426220173e+1,1.8e+0,1.8006858197426776e+0,1.193531116263973e-1,1.7827990685733999e+0,1.8e+0,-1.1852116609915861e-1,-1.1610628712955054e-4,
3.516765584723434e+1,1.8e+0,1.8058316040551898e+0,1.1908879233911017e-1,1.7827992142745728e+0,1.8e+0,-1.1858674751278257e-1,-1.161053036466339e-4,
3.524893568849781e+1,1.8e+0,1.8071676781597765e+0,1.1856050254162445e-1,1.7827992525843057e+0,1.8e+0,-1.1860379551187275e-1,-1.1610504505593644e-4,
3.534248854520869e+1,1.8e+0,1.8039890228818998e+0,1.1803863191466542e-1,1.7827991631990108e+0,1.8e+0,-1.1856331404305644e-1,-1.1610564840667734e-4,
3.542891882416309e+1,1.8e+0,1.7990327401858557e+0,1.179080460022253e-1,1.782799020272323e+0,1.8e+0,-1.1850003197718494e-1,-1.1610661316181943e-4,
3.550624308919938e+1,1.8e+0,1.7956280137404812e+0,1.1811447264147226e-1,1.7827989210305497e+0,1.8e+0,-1.1845651509418068e-1,-1.1610728304378877e-4,
3.558345325413762e+1,1.8e+0,1.7948194162658173e+0,1.1848325039387117e-1,1.782798897653402e+0,1.8e+0,-1.1844618727335413e-1,-1.1610744083953572e-4,
3.568343275056677e+1,1.8e+0,1.7973693979695033e+0,1.1887372960350479e-1,1.7827989724851638e+0,1.8e+0,-1.1847880365202584e-1,-1.1610693572514444e-4,
3.5770998617642306e+1,1.8e+0,1.8010067266562548e+0,1.1894482763108882e-1,1.7827990770386513e+0,1.8e+0,-1.1852522829360074e-1,-1.1610622998910365e-4,
3.58476950888614e+1,1.8e+0,1.8033115308059395e+0,1.187792300765059e-1,1.7827991428441399e+0,1.8e+0,-1.1855462723232893e-1,-1.161057858020554e-4,
3.592622071018552e+1,1.8e+0,1.803699674508681e+0,1.185039504497251e-1,1.7827991540702106e+0,1.8e+0,-1.1855958339125493e-1,-1.1610571002607789e-4,
3.602622071018552e+1,1.8e+0,1.8016640231522252e+0,1.1823576556667977e-1,1.7827990960886504e+0,1.8e+0,-1.1853362591983214e-1,-1.1610610140160883e-4,
3.611300645121837e+1,1.8e+0,1.7990565584728335e+0,1.182044974615271e-1,1.7827990207854056e+0,1.8e+0,-1.1850032831699485e-1,-1.1610660969851166e-4,
3.6189900657938345e+1,1.8e+0,1.7974997051428183e+0,1.1833689915024072e-1,1.7827989756132467e+0,1.8e+0,-1.1848043950121008e-1,-1.1610691461058469e-4,
3.627018692920682e+1,1.8e+0,1.7973832437873805e+0,1.1854231362538312e-1,1.7827989723416033e+0,1.8e+0,-1.1847895530939803e-1,-1.1610693669417659e-4,
3.6370186929206824e+1,1.8e+0,1.7989989531652717e+0,1.1872320377775052e-1,1.782799019222545e+0,1.8e+0,-1.1849959824863086e-1,-1.1610662024782135e-4,
3.645613833439979e+1,1.8e+0,1.8008529077042188e+0,1.1872957016096618e-1,1.782799072529376e+0,1.8e+0,-1.1852326110018856e-1,-1.1610626042671095e-4,
3.654343568417417e+1,1.8e+0,1.8019395084226117e+0,1.186076848972964e-1,1.7827991036777953e+0,1.8e+0,-1.1853712736700661e-1,-1.1610605017488111e-4,
3.662240913741761e+1,1.8e+0,1.8017783444439344e+0,1.1846087905753529e-1,1.7827990991242852e+0,1.8e+0,-1.1853507278159066e-1,-1.1610608091107422e-4,
3.6722409137417614e+1,1.8e+0,1.8004519527301688e+0,1.1834936419883013e-1,1.7827990610329478e+0,1.8e+0,-1.185181458457869e-1,-1.1610633802760194e-4,
3.6806662539920595e+1,1.8e+0,1.7991793367171691e+0,1.1836489675813038e-1,1.7827990242989444e+0,1.8e+0,-1.18501894707969e-1,-1.1610658598212517e-4,
3.689191855374065e+1,1.8e+0,1.798553920476374e+0,1.1846152348614723e-1,1.782799006201368e+0,1.8e+0,-1.1849390783239765e-1,-1.1610670814076428e-4,
3.6974857567424976e+1,1.8e+0,1.7988292743409304e+0,1.1857004110657564e-1,1.7827990142157606e+0,1.8e+0,-1.1849742569493953e-1,-1.1610665404361564e-4,
3.707485756742498e+1,1.8e+0,1.799876745750955e+0,1.1863474010198141e-1,1.7827990444303001e+0,1.8e+0,-1.1851080103069375e-1,-1.1610645009547428e-4,
3.715771384343478e+1,1.8e+0,1.8007294219860444e+0,1.1860962770131891e-1,1.7827990689700002e+0,1.8e+0,-1.185216845403789e-1,-1.1610628445249925e-4,
3.72411811964629e+1,1.8e+0,1.8010596117644129e+0,1.1853496474550462e-1,1.7827990784434313e+0,1.8e+0,-1.1852589926306617e-1,-1.1610622050683798e-4,
3.732869230038392e+1,1.8e+0,1.8007349683550629e+0,1.1845644190183963e-1,1.7827990691526148e+0,1.8e+0,-1.1852175637547058e-1,-1.1610628321984985e-4,
3.742869230038392e+1,1.8e+0,1.7999327232817786e+0,1.1842305731999757e-1,1.782799046026429e+0,1.8e+0,-1.1851151494465505e-1,-1.1610643932160464e-4,
3.75098648033388e+1,1.8e+0,1.79938353237607e+0,1.184508079398144e-1,1.7827990301974483e+0,1.8e+0,-1.1850450227660282e-1,-1.161065461672238e-4,
3.759121766517602e+1,1.8e+0,1.79923833396403e+0,1.1850686549842791e-1,1.7827990259869952e+0,1.8e+0,-1.1850264845502749e-1,-1.1610657458778137e-4,
3.7684532599690534e+1,1.8e+0,1.7995722207099791e+0,1.1856236200477958e-1,1.7827990356574073e+0,1.8e+0,-1.1850691223470676e-1,-1.161065093125014e-4,
3.777096786650862e+1,1.8e+0,1.8000982645918229e+0,1.1857660285020916e-1,1.7827990507890372e+0,1.8e+0,-1.1851362803382443e-1,-1.1610640717399888e-4,
3.784837968096383e+1,1.8e+0,1.8004621380107917e+0,1.1855491195906226e-1,1.7827990612855715e+0,1.8e+0,-1.1851827295995149e-1,-1.1610633632239131e-4,
3.792568518963331e+1,1.8e+0,1.8005505683209106e+0,1.1851576807000977e-1,1.782799063807901e+0,1.8e+0,-1.1851940186642093e-1,-1.1610631929666847e-4,
3.802532424556422e+1,1.8e+0,1.8002829691046052e+0,1.1847424162892903e-1,1.7827990561368294e+0,1.8e+0,-1.1851598617800949e-1,-1.1610637107640175e-4,
3.811287570457201e+1,1.8e+0,1.7998967636681003e+0,1.1846637369568806e-1,1.782799044981487e+0,1.8e+0,-1.1851105546263972e-1,-1.1610644637496254e-4,
3.818966328434641e+1,1.8e+0,1.7996499773623484e+0,1.1848377602532952e-1,1.7827990378882796e+0,1.8e+0,-1.1850790451028827e-1,-1.1610649425411283e-4,
3.8267923204416235e+1,1.8e+0,1.7996063057842737e+0,1.185128776360795e-1,1.7827990366057358e+0,1.8e+0,-1.1850734696945726e-1,-1.161065029112833e-4,
3.8367923204416236e+1,1.8e+0,1.7998200572103398e+0,1.1854155948634883e-1,1.7827990427971534e+0,1.8e+0,-1.1851007623781164e-1,-1.161064611192135e-4,
3.8454795245418445e+1,1.8e+0,1.800097351800186e+0,1.1854514691026084e-1,1.7827990507606872e+0,1.8e+0,-1.185136162908662e-1,-1.1610640736536143e-4,
3.853146979052403e+1,1.8e+0,1.800263994064785e+0,1.1853129389534962e-1,1.7827990555834108e+0,1.8e+0,-1.1851574362779234e-1,-1.161063748119761e-4,
3.861159976108547e+1,1.8e+0,1.8002789313286658e+0,1.1850954159745247e-1,1.7827990559900337e+0,1.8e+0,-1.185159343521539e-1,-1.1610637206727233e-4,
3.871159976108547e+1,1.8e+0,1.8001093452363706e+0,1.1849012776920065e-1,1.7827990511318215e+0,1.8e+0,-1.1851376946730796e-1,-1.1610640486020563e-4,
3.8797674997329665e+1,1.8e+0,1.799911859658108e+0,1.1848921516104981e-1,1.782799045415591e+0,1.8e+0,-1.1851124814910989e-1,-1.1610644344475958e-4,
3.887635326871275e+1,1.8e+0,1.7998000425975693e+0,1.1850054867730618e-1,1.7827990422164408e+0,1.8e+0,-1.1850982053990698e-1,-1.1610646503902415e-4,
3.895782067710665e+1,1.8e+0,1.7998056912132154e+0,1.1851660859963256e-1,1.7827990423555253e+0,1.8e+0,-1.1850989268103082e-1,-1.1610646410020395e-4,
3.9057820677106655e+1,1.8e+0,1.7999404173328721e+0,1.1852930317232822e-1,1.7827990462637822e+0,1.8e+0,-1.1851161278153775e-1,-1.1610643771946955e-4,
3.914283522311555e+1,1.8e+0,1.800078966450383e+0,1.1852847922056158e-1,1.7827990502306676e+0,1.8e+0,-1.1851338155899625e-1,-1.1610641094299268e-4,
3.922898482931268e+1,1.8e+0,1.8001521657739894e+0,1.1851852324550705e-1,1.7827990523634973e+0,1.8e+0,-1.1851431604838952e-1,-1.1610639654639245e-4,
3.931030494213742e+1,1.8e+0,1.8001295290710173e+0,1.1850706951721802e-1,1.7827990516874233e+0,1.8e+0,-1.1851402707320609e-1,-1.1610640110989306e-4,
3.941030494213742e+1,1.8e+0,1.8000215297071036e+0,1.1849951657831204e-1,1.7827990486005805e+0,1.8e+0,-1.185126483073255e-1,-1.1610642194608174e-4,
3.949372045518759e+1,1.8e+0,1.7999278861462413e+0,1.185016263295848e-1,1.7827990458773937e+0,1.8e+0,-1.1851145275514804e-1,-1.161064403275916e-4,
3.957790171299423e+1,1.8e+0,1.7998877461766893e+0,1.185093864810621e-1,1.7827990447449045e+0,1.8e+0,-1.1851094028959783e-1,-1.1610644797189519e-4,
3.966355516415255e+1,1.8e+0,1.7999170092635102e+0,1.185177481662455e-1,1.7827990455641727e+0,1.8e+0,-1.1851131390015557e-1,-1.161064424418344e-4,
3.976355516415255e+1,1.8e+0,1.8000006976457512e+0,1.1852186282078242e-1,1.7827990480001643e+0,1.8e+0,-1.1851238234133155e-1,-1.1610642599889018e-4,
3.984542700219102e+1,1.8e+0,1.8000620311115387e+0,1.1851929496145383e-1,1.7827990497427746e+0,1.8e+0,-1.1851316535405507e-1,-1.1610641423627152e-4,
3.9927640955218074e+1,1.8e+0,1.8000813016148651e+0,1.1851340298643595e-1,1.7827990503223168e+0,1.8e+0,-1.1851341137537533e-1,-1.161064103243608e-4,
4.001854627635563e+1,1.8e+0,1.8000499599246176e+0,1.1850743680023612e-1,1.7827990493951509e+0,1.8e+0,-1.1851301125369362e-1,-1.1610641658273135e-4,
4.0108089635892426e+1,1.8e+0,1.7999928198918689e+0,1.1850552147599189e-1,1.7827990477730575e+0,1.8e+0,-1.1851228176377934e-1,-1.1610642753186184e-4,
4.018666572017337e+1,1.8e+0,1.7999523480649395e+0,1.1850767571961549e-1,1.7827990465824104e+0,1.8e+0,-1.185117650614432e-1,-1.1610643556872989e-4,
4.026523705823557e+1,1.8e+0,1.799941351255728e+0,1.1851185181292154e-1,1.7827990462898675e+0,1.8e+0,-1.1851162466891088e-1,-1.1610643754339338e-4,
4.03619126980561e+1,1.8e+0,1.7999676017487611e+0,1.1851625282619396e-1,1.7827990470220862e+0,1.8e+0,-1.1851195980777249e-1,-1.1610643260091813e-4,
4.044913430640142e+1,1.8e+0,1.8000083887076832e+0,1.1851729990169628e-1,1.7827990482216542e+0,1.8e+0,-1.1851248052602785e-1,-1.1610642450383263e-4,
4.052650756383582e+1,1.8e+0,1.800035962326505e+0,1.185155841097034e-1,1.7827990489917522e+0,1.8e+0,-1.1851283254631982e-1,-1.1610641930567128e-4,
4.060375060125093e+1,1.8e+0,1.8000422251068613e+0,1.1851256439228294e-1,1.7827990491965373e+0,1.8e+0,-1.1851291250337173e-1,-1.1610641792337249e-4,
4.070375060125093e+1,1.8e+0,1.8000210962960554e+0,1.1850939832213717e-1,1.7827990485634766e+0,1.8e+0,-1.1851264275918041e-1,-1.1610642219653244e-4,
4.079120448406653e+1,1.8e+0,1.799991434441113e+0,1.1850885039132725e-1,1.7827990477331106e+0,1.8e+0,-1.1851226407470022e-1,-1.1610642780150379e-4,
4.086776400101866e+1,1.8e+0,1.7999728162988364e+0,1.1851021886436766e-1,1.7827990471722683e+0,1.8e+0,-1.1851202637781325e-1,-1.161064315871891e-4,
4.094658512875596e+1,1.8e+0,1.79996987658142e+0,1.1851247737027043e-1,1.7827990471119048e+0,1.8e+0,-1.1851198884919867e-1,-1.1610643199464268e-4,
4.1046585128755964e+1,1.8e+0,1.799986710935987e+0,1.1851464799440004e-1,1.7827990475726865e+0,1.8e+0,-1.1851220376938432e-1,-1.1610642888436676e-4,
4.11332848909276e+1,1.8e+0,1.800007959035599e+0,1.1851487905049793e-1,1.7827990482092577e+0,1.8e+0,-1.1851247503995047e-1,-1.1610642458751048e-4,
4.121045083140221e+1,1.8e+0,1.8000205464961228e+0,1.1851377922241589e-1,1.7827990485475984e+0,1.8e+0,-1.1851263573816927e-1,-1.161064223037106e-4,
4.1290932410238526e+1,1.8e+0,1.8000212605047725e+0,1.1851209687569665e-1,1.782799048592512e+0,1.8e+0,-1.1851264485587794e-1,-1.1610642200054339e-4,
4.139093241023853e+1,1.8e+0,1.800007889300334e+0,1.1851063938544135e-1,1.7827990481829143e+0,1.8e+0,-1.1851247414809671e-1,-1.1610642476532831e-4,
4.1476759260056035e+1,1.8e+0,1.799992809575859e+0,1.1851060939427033e-1,1.7827990477727313e+0,1.8e+0,-1.1851228163049371e-1,-1.1610642753406321e-4,
4.156389796537132e+1,1.8e+0,1.799984109045844e+0,1.1851161503498116e-1,1.7827990474976871e+0,1.8e+0,-1.1851217055063697e-1,-1.1610642939061111e-4,
4.1643224574627496e+1,1.8e+0,1.7999855948438603e+0,1.1851281667883283e-1,1.7827990475648428e+0,1.8e+0,-1.1851218952160118e-1,-1.1610642893731052e-4,
4.17432245746275e+1,1.8e+0,1.7999965306879955e+0,1.1851371040224006e-1,1.7827990478556246e+0,1.8e+0,-1.1851232913532615e-1,-1.1610642697453336e-4,
4.18273778975349e+1,1.8e+0,1.8000068573735724e+0,1.1851356784392049e-1,1.7827990481775113e+0,1.8e+0,-1.1851246097524216e-1,-1.161064248017974e-4,
4.1912494938516275e+1,1.8e+0,1.8000118288463216e+0,1.1851277258604824e-1,1.7827990482964189e+0,1.8e+0,-1.1851252444272069e-1,-1.1610642399917208e-4,
4.199584939201374e+1,1.8e+0,1.8000094427768027e+0,1.1851188604378797e-1,1.782799048252006e+0,1.8e+0,-1.1851249398247031e-1,-1.1610642429896005e-4,
4.209584939201374e+1,1.8e+0,1.8000008309911824e+0,1.1851137235538871e-1,1.7827990479795297e+0,1.8e+0,-1.185123840361506e-1,-1.161064261381746e-4,
4.2178589961672145e+1,1.8e+0,1.799993936449767e+0,1.1851158882784704e-1,1.7827990478052027e+0,1.8e+0,-1.1851229601701871e-1,-1.161064273148809e-4,
4.2261897393453545e+1,1.8e+0,1.7999913486689256e+0,1.185122017573324e-1,1.7827990477063e+0,1.8e+0,-1.1851226297747502e-1,-1.1610642798247361e-4,
4.234992796706735e+1,1.8e+0,1.799994111365111e+0,1.1851284173810445e-1,1.7827990478102456e+0,1.8e+0,-1.185122982501936e-1,-1.1610642728084215e-4,
4.244992796706735e+1,1.8e+0,1.8000006869975476e+0,1.1851310181997153e-1,1.7827990479753815e+0,1.8e+0,-1.1851238219776848e-1,-1.1610642616617477e-4,
4.253094580992755e+1,1.8e+0,1.8000051039259453e+0,1.1851286723590677e-1,1.782799048126987e+0,1.8e+0,-1.1851243858945738e-1,-1.161064251428371e-4,
4.261210611020824e+1,1.8e+0,1.8000062046686758e+0,1.185124083314392e-1,1.7827990481343665e+0,1.8e+0,-1.185124526404249e-1,-1.1610642509302625e-4,
4.270612948571043e+1,1.8e+0,1.800003386540528e+0,1.1851195743250693e-1,1.7827990480775024e+0,1.8e+0,-1.1851241666409347e-1,-1.1610642547685811e-4,
4.2792625957428314e+1,1.8e+0,1.7999990832058879e+0,1.1851185062033143e-1,1.7827990479291675e+0,1.8e+0,-1.1851236172253565e-1,-1.1610642647811795e-4,
4.286987463256759e+1,1.8e+0,1.7999961701142293e+0,1.1851203395769756e-1,1.7827990478695657e+0,1.8e+0,-1.1851232453371476e-1,-1.1610642688043155e-4,
4.2946994147595746e+1,1.8e+0,1.7999955177388873e+0,1.1851235447206579e-1,1.7827990478264308e+0,1.8e+0,-1.18512316203058e-1,-1.16106427171591e-4,
4.304699414759575e+1,1.8e+0,1.7999977702398162e+0,1.1851269007313057e-1,1.7827990479156741e+0,1.8e+0,-1.1851234496216555e-1,-1.161064265691996e-4,
4.313450265984965e+1,1.8e+0,1.800000921835828e+0,1.1851274730038781e-1,1.7827990479821472e+0,1.8e+0,-1.1851238519586611e-1,-1.1610642612050644e-4,
4.321113080367935e+1,1.8e+0,1.8000028937956207e+0,1.185126011080101e-1,1.7827990480633047e+0,1.8e+0,-1.1851241037330995e-1,-1.161064255726929e-4,
4.329003670522117e+1,1.8e+0,1.8000031955442624e+0,1.1851236086558346e-1,1.7827990480476616e+0,1.8e+0,-1.1851241422372304e-1,-1.1610642567828379e-4,
4.339003670522117e+1,1.8e+0,1.8000013984647172e+0,1.1851213116513448e-1,1.7827990480202174e+0,1.8e+0,-1.1851239128281416e-1,-1.1610642586353317e-4,
4.347683213896553e+1,1.8e+0,1.799999140869932e+0,1.1851210775924205e-1,1.7827990479308296e+0,1.8e+0,-1.1851236245871262e-1,-1.1610642646689949e-4,
4.355412314560268e+1,1.8e+0,1.799997810922848e+0,1.1851222555874427e-1,1.7827990479168447e+0,1.8e+0,-1.1851234548153552e-1,-1.1610642656129794e-4,
4.363473214231947e+1,1.8e+0,1.799997747928338e+0,1.1851240455701939e-1,1.7827990478906928e+0,1.8e+0,-1.185123446753637e-1,-1.161064267378234e-4,
4.373473214231947e+1,1.8e+0,1.799999177757877e+0,1.1851255827270872e-1,1.7827990479562301e+0,1.8e+0,-1.1851236293159444e-1,-1.1610642629544636e-4,
4.3820673452055345e+1,1.8e+0,1.8000007786511345e+0,1.1851256014584208e-1,1.7827990479780216e+0,1.8e+0,-1.1851238336786044e-1,-1.1610642614835395e-4,
4.3907891985535784e+1,1.8e+0,1.8000016920154323e+0,1.1851245240188474e-1,1.7827990480286766e+0,1.8e+0,-1.1851239503049138e-1,-1.1610642580643302e-4,
4.398741864120229e+1,1.8e+0,1.800001521146566e+0,1.1851232463587082e-1,1.7827990479994151e+0,1.8e+0,-1.1851239284711441e-1,-1.161064260039469e-4,
4.408741864120229e+1,1.8e+0,1.8000003517884422e+0,1.1851223098912043e-1,1.7827990479900584e+0,1.8e+0,-1.185123779201515e-1,-1.1610642606710471e-4,
4.417172606105527e+1,1.8e+0,1.7999992577722508e+0,1.1851224744758575e-1,1.7827990479341975e+0,1.8e+0,-1.1851236395117502e-1,-1.1610642644416594e-4,
4.425695461810267e+1,1.8e+0,1.7999987414963823e+0,1.1851233270730947e-1,1.7827990479436593e+0,1.8e+0,-1.1851235736194536e-1,-1.1610642638029862e-4,
4.434061039120429e+1,1.8e+0,1.7999990087073001e+0,1.1851242681153462e-1,1.7827990479270215e+0,1.8e+0,-1.1851236077142435e-1,-1.1610642649260462e-4,
4.444061039120429e+1,1.8e+0,1.7999999290298874e+0,1.1851247992467523e-1,1.7827990479778775e+0,1.8e+0,-1.1851237252289626e-1,-1.1610642614932713e-4,
4.452354419242573e+1,1.8e+0,1.8000006563321287e+0,1.1851245565152668e-1,1.7827990479744966e+0,1.8e+0,-1.1851238180624385e-1,-1.1610642617214742e-4,
4.460699109658185e+1,1.8e+0,1.8000009186682826e+0,1.185123899370725e-1,1.782799048006393e+0,1.8e+0,-1.1851238515736343e-1,-1.1610642595684569e-4,
4.469550255466926e+1,1.8e+0,1.8000006110565476e+0,1.1851232223798486e-1,1.7827990479731919e+0,1.8e+0,-1.1851238122822272e-1,-1.1610642618095461e-4,
4.479550255466926e+1,1.8e+0,1.7999999096910098e+0,1.1851229620060696e-1,1.7827990479773201e+0,1.8e+0,-1.1851237227600112e-1,-1.1610642615308801e-4,
4.487674031388045e+1,1.8e+0,1.79999944774982e+0,1.1851232230064056e-1,1.7827990479396723e+0,1.8e+0,-1.1851236637657218e-1,-1.1610642640721112e-4,
4.4958070703372314e+1,1.8e+0,1.799999343677223e+0,1.1851237144749523e-1,1.782799047961011e+0,1.8e+0,-1.1851236504984176e-1,-1.161064262631753e-4,
4.5052923685848704e+1,1.8e+0,1.7999996574262724e+0,1.1851241882165153e-1,1.7827990479457139e+0,1.8e+0,-1.1851236905346052e-1,-1.1610642636643125e-4,
4.51e+1,1.799999999999968e+0,1.7999999174576993e+0,1.1851242882809937e-1,1.7827990479775144e+0,1.8e+0,-1.1851237237515405e-1,-1.1610642615156146e-4,
4.510067029373924e+1,1.7879347126936402e+0,1.8000551732290735e+0,1.1851239184582936e-1,1.7715964405126823e+0,1.8e+0,-1.1768748851752504e-1,-1.1028333722146698e-4,
4.510201088121772e+1,1.7638041380809846e+0,1.8002776011573238e+0,1.1851216878924156e-1,1.749074547892955e+0,1.8e+0,-1.1601537937594167e-1,-9.942473376920065e-5,
4.510469205617469e+1,1.7155429888555453e+0,1.8014041704117272e+0,1.1850991422733438e-1,1.7036056452784363e+0,1.8e+0,-1.1258633694000254e-1,-8.057706914548629e-5,
4.510796784885113e+1,1.656578720679618e+0,1.8040447923227996e+0,1.185009893912244e-1,1.647391005128171e+0,1.8e+0,-1.0824804387087845e-1,-6.201707997226767e-5,
4.511451943420401e+1,1.5386501843277636e+0,1.813679370186082e+0,1.1844292870948177e-1,1.5332928662463663e+0,1.8e+0,-9.910719294747146e-2,-3.6161897049431097e-5,
4.5127622604909774e+1,1.3027931116240545e+0,1.8513766216419252e+0,1.1801670882630429e-1,1.301088744430661e+0,1.8e+0,-7.916275570291294e-2,-1.150447855540783e-5,
4.515382894632129e+1,8.310789662167644e-1,2.0023514552919575e+0,1.1469206652139571e-1,8.313494196263066e-1,1.8e+0,-3.5788661964078566e-2,1.8255605144104972e-6,
4.52e+1,0e+0,2.3844843236226283e+0,9.652754802909731e-2,1.204940485340007e-1,1.8e+0,-2.03339938847609e-3,8.133348276045048e-4,
4.520524126828231e+1,0e+0,2.4287965572545485e+0,9.323185657753744e-2,1.3767300422577555e-1,1.8e+0,-2.3990227685477816e-3,9.29292778523985e-4,
4.521572380484692e+1,0e+0,2.5128020568409664e+0,8.620017831389633e-2,1.738935950280991e-1,1.8e+0,-3.3399803095081754e-3,1.173781766439669e-3,
4.523668887797613e+1,0e+0,2.6484380025484557e+0,6.98344223052176e-2,2.4193450700431374e-1,1.8e+0,-7.689925330164063e-3,1.633057922279118e-3,
4.527861902423456e+1,0e+0,2.7566558968223567e+0,3.199049669981065e-2,3.0349728921413277e-1,1.8e+0,-2.4465873524847595e-2,2.0486067021953966e-3,
4.534900632215421e+1,0e+0,2.598141858787798e+0,-2.9767239506623657e-2,2.154475527883073e-1,1.8e+0,-5.249929820224073e-3,1.4542709813210744e-3,
4.5419382986273746e+1,0e+0,2.1798413056622965e+0,-7.12185022581091e-2,5.92796527639618e-2,1.8e+0,-8.592852700419762e-4,4.001376561567422e-4,
4.551163081151121e+1,0e+0,1.4985375853326377e+0,-7.483364337751253e-2,2.383903363363596e-3,1.8e+0,-1.6386084224329078e-5,1.6091347702704274e-5,
4.5604122799628136e+1,0e+0,1.073651997970531e+0,-2.730152895372387e-2,2.242989930540699e-4,1.8e+0,-1.657534156623841e-6,1.5140182031149721e-6,
4.568789892353582e+1,0e+0,1.1451214498761355e+0,3.0555374435164682e-2,3.398518854396608e-4,1.8e+0,-2.4437763277186664e-6,2.2940002267177107e-6,
4.5768388586492144e+1,0e+0,1.569903849409552e+0,6.617103212785001e-2,3.4696679329030873e-3,1.8e+0,-2.4156240871583967e-5,2.342025854709584e-5,
4.585238643445783e+1,0e+0,2.1064561967616613e+0,6.296399235337882e-2,4.429763106177659e-2,1.8e+0,-5.934359015966895e-4,2.99009009666992e-4,
4.59364803633243e+1,0e+0,2.42074966947704e+0,2.3977800273350575e-2,1.3445111164453405e-1,1.8e+0,-2.328102336413746e-3,9.075450036006049e-4,
4.601921747881593e+1,0e+0,2.3526934249868976e+0,-2.456584814140807e-2,1.089690134702278e-1,1.8e+0,-1.8006195208058844e-3,7.355408409240378e-4,
4.610462715788043e+1,0e+0,1.9711046337013984e+0,-5.54755280914437e-2,2.47449737483236e-2,1.8e+0,-2.749528583752339e-4,1.6702857280118433e-4,
4.618606582963815e+1,0e+0,1.5370797749165146e+0,-5.173685818704006e-2,2.9227894872396604e-3,1.8e+0,-2.019241807631189e-5,1.972882903886771e-5,
4.6271476701236494e+1,0e+0,1.2729016913460192e+0,-1.799877241435945e-2,7.005871484714659e-4,1.8e+0,-4.890989900679238e-6,4.728963252182396e-6,
4.635539607507722e+1,0e+0,1.337550037466173e+0,2.3522363237270243e-2,1.0016541946891817e-3,1.8e+0,-6.930759895544536e-6,6.761165814151978e-6,
4.644134147566356e+1,0e+0,1.6735525881882487e+0,4.882887360845655e-2,5.910358653518438e-3,1.8e+0,-4.3510876021550515e-5,3.989492091124946e-5,
4.652433979037155e+1,0e+0,2.050350160872172e+0,4.36870139286059e-2,3.502962615289151e-2,1.8e+0,-4.3690974642750235e-4,2.3644997653201775e-4,
4.660923841496247e+1,0e+0,2.256775183613209e+0,1.3670029348510245e-2,7.881642915717824e-2,1.8e+0,-1.2202895201621732e-3,5.320108968109532e-4,
4.66931611405697e+1,0e+0,2.18025982993197e+0,-2.145310053418946e-2,5.93746312369251e-2,1.8e+0,-8.610052329528634e-4,4.0077876084924447e-4,
4.677769536412381e+1,0e+0,1.8905514955598082e+0,-4.1352935454652955e-2,1.7090673930524825e-2,1.8e+0,-1.6710502289286194e-4,1.1536204903104258e-4,
4.6861800937597856e+1,0e+0,1.5720260435467759e+0,-3.557393801382521e-2,3.508393589379946e-3,1.8e+0,-2.444209794569968e-5,2.368165672831464e-5,
4.6945667939446665e+1,0e+0,1.4084501260119733e+0,-9.595134897326973e-3,1.4735689905005216e-3,1.8e+0,-1.0132783874206366e-5,9.946590685878522e-6,
4.703271025805587e+1,0e+0,1.4885662614426938e+0,2.099952689278284e-2,2.262733137081422e-3,1.8e+0,-1.5547239776595584e-5,1.52734486752996e-5,
4.7116632885431905e+1,0e+0,1.7444668756266624e+0,3.6397938541322485e-2,8.436061368934794e-3,1.8e+0,-6.669581507332684e-5,5.694341424030987e-5,
4.7203622233654485e+1,0e+0,2.020753951995159e+0,2.921171248751385e-2,3.0821191290874544e-2,1.8e+0,-3.686992354365731e-4,2.080430412134032e-4,
4.728624036501772e+1,0e+0,2.139024233995908e+0,6.0877986352731745e-3,5.05274303159452e-2,1.8e+0,-7.024425161409071e-4,3.410601546326301e-4,
4.737525882711379e+1,0e+0,2.046204557697842e+0,-1.9960284870186425e-2,3.441390575228831e-2,1.8e+0,-4.2681161164619813e-4,2.322938638279461e-4,
4.745749741095436e+1,0e+0,1.8232179248164762e+0,-3.1038746578580502e-2,1.2402908287867345e-2,1.8e+0,-1.0913268376652047e-4,8.37196309431046e-5,
4.7547384713067906e+1,0e+0,1.5897840319283383e+0,-2.2634371774219852e-2,3.84728084726842e-3,1.8e+0,-2.696606219542222e-5,2.596914571906184e-5,
4.762870417704488e+1,0e+0,1.5088204238397818e+0,-2.2477633255293186e-3,2.5188285652246803e-3,1.8e+0,-1.733380962417458e-5,1.7002092815266595e-5,
4.7709655558385094e+1,0e+0,1.5923553068420477e+0,1.7942493498134936e-2,3.8988265431994587e-3,1.8e+0,-2.735429331397407e-5,2.631707916659635e-5,
4.779126245042881e+1,0e+0,1.784561739074354e+0,2.704504677348197e-2,1.0279990541771977e-2,1.8e+0,-8.557444209434523e-5,6.938993615696085e-5,
4.7871546018615994e+1,0e+0,1.9692873978976202e+0,2.0869267934167338e-2,2.454360381322021e-2,1.8e+0,-2.7195075727555473e-4,1.6566932573923644e-4,
4.7952322802291654e+1,0e+0,2.0497317874791445e+0,3.9457568876029945e-3,3.4927607303858965e-2,1.8e+0,-4.351816237533144e-4,2.3576134930104804e-4,
4.803335226369251e+1,0e+0,1.9889268425805842e+0,-1.3826379378685227e-2,2.6785222515711304e-2,1.8e+0,-3.0571746220866593e-4,1.8080025198105132e-4,
4.811496186664617e+1,0e+0,1.8291675863221817e+0,-2.272567925326527e-2,1.2765636914480655e-2,1.8e+0,-1.133525288984083e-4,8.616804917274443e-5,
4.8202752492201675e+1,0e+0,1.6561244052492572e+0,-1.7690535345180367e-2,5.409861049681913e-3,1.8e+0,-3.9303148768845414e-5,3.651656208535292e-5,
4.828415573618369e+1,0e+0,1.5857537963974266e+0,-3.1143972818641033e-3,3.7677335571875276e-3,1.8e+0,-2.6369069840190534e-5,2.5432201511015814e-5,
4.8365945620354466e+1,0e+0,1.638279921662161e+0,1.2260722044147899e-2,4.938727194863192e-3,1.8e+0,-3.545671915948859e-5,3.333640856532655e-5,
4.8448381998286976e+1,0e+0,1.7777145830749201e+0,1.9845095318724044e-2,9.940775346592545e-3,1.8e+0,-8.198574297853603e-5,6.710023358949969e-5,
4.853653929592251e+1,0e+0,1.9265312052695576e+0,1.5250081823556465e-2,2.0195089496370416e-2,1.8e+0,-2.0912189979276768e-4,1.3631685410050033e-4,
4.861785183190678e+1,0e+0,1.9844300292133983e+0,2.6075585392510993e-3,2.6264952558643168e-2,1.8e+0,-2.9784888316408816e-4,1.772884297708414e-4,
4.869929286576789e+1,0e+0,1.9371298679678342e+0,-1.0486526698104117e-2,2.120717320352397e-2,1.8e+0,-2.2338968093428037e-4,1.4314841912378682e-4,
4.878134763479955e+1,0e+0,1.8173864177662e+0,-1.6825925766872276e-2,1.2060555717336094e-2,1.8e+0,-1.0522063963161812e-4,8.140875109201865e-5,
4.886943758839261e+1,0e+0,1.6904341860245347e+0,-1.276588639971721e-2,6.4370505159418515e-3,1.8e+0,-4.807790505245539e-5,4.34500909826075e-5,
4.895065590603304e+1,0e+0,1.6415021976303381e+0,-1.8800484296362665e-3,5.020838136717429e-3,1.8e+0,-3.611911321507711e-5,3.389065742284265e-5,
4.903204988671831e+1,0e+0,1.6827570116344701e+0,9.341771867984574e-3,6.192757425587218e-3,1.8e+0,-4.594468601554387e-5,4.180111262271373e-5,
4.911409842853792e+1,0e+0,1.7862759903829535e+0,1.4714597473465539e-2,1.036671553836288e-2,1.8e+0,-8.650084974714915e-5,6.997532988394946e-5,
4.920298522316358e+1,0e+0,1.8960071291302776e+0,1.10576561008e-2,1.752756127215052e-2,1.8e+0,-1.7283360137598097e-4,1.1831103858701603e-4,
4.928392368110787e+1,0e+0,1.9364318276593397e+0,1.651030736434201e-3,2.1141317284511324e-2,1.8e+0,-2.2246719934006015e-4,1.4270389167045144e-4,
4.9365019537780825e+1,0e+0,1.8997855013882425e+0,-7.927092593621038e-3,1.7844750457226888e-2,1.8e+0,-1.7707782440265496e-4,1.204520655862815e-4,
4.944675580250076e+1,0e+0,1.8108551516762805e+0,-1.244876944745515e-2,1.168516019422007e-2,1.8e+0,-1.0097015777721895e-4,7.887483131098548e-5,
4.9535358761528705e+1,0e+0,1.717171984799431e+0,-9.260265108471945e-3,7.363395153805935e-3,1.8e+0,-5.645940410925303e-5,4.9702917288190066e-5,
4.961624063842699e+1,0e+0,1.6826857636020485e+0,-1.1663246305035925e-3,6.190543184489257e-3,1.8e+0,-4.5925531649724073e-5,4.178616649530249e-5,
4.969731726529922e+1,0e+0,1.7143918433505392e+0,7.059806942059337e-3,7.261601062773716e-3,1.8e+0,-5.5518042791484826e-5,4.901580717372259e-5,
4.977905945560364e+1,0e+0,1.791148480327435e+0,1.092047736106383e-2,1.0616612169266015e-2,1.8e+0,-8.918679116998174e-5,7.166213214254561e-5,
4.986852753266791e+1,0e+0,1.8722613568881685e+0,8.08389925974442e-3,1.5677122203581667e-2,1.8e+0,-1.488415595751972e-4,1.0582057487417627e-4,
4.994921381328776e+1,0e+0,1.9009814480672347e+0,1.0947404717433376e-3,1.7944941280406523e-2,1.8e+0,-1.7841731937128153e-4,1.2112835364274405e-4,
5e+1,0e+0,1.8886279748893773e+0,-3.720029306593685e-3,1.6937170565920395e-2,1.8e+0,-1.650945719427711e-4,1.1432590131996268e-4,
